"client_id","member_id","department","sessions_per_member_allowance","enrollment_date"
"CL007","M00001","Sales",8,2024-06-22
"CL001","M00002","Sales",8,2024-04-07
"CL005","M00003","Support",12,2024-06-17
"CL005","M00004","Ops",12,2024-06-02
"CL003","M00005","Marketing",8,2024-11-10
"CL003","M00006","Finance",8,2025-01-19
"CL003","M00007","CS",8,2024-09-24
"CL011","M00008","Engineering",4,2024-11-10
"CL007","M00009","Sales",8,2024-05-02
"CL011","M00010","CS",4,2024-09-15
"CL006","M00011","Ops",8,2024-08-16
"CL006","M00012","Marketing",8,2024-08-07
"CL004","M00013","Engineering",12,2024-11-25
"CL003","M00014","Support",8,2024-12-23
"CL007","M00015","Sales",8,2024-06-03
"CL012","M00016","HR",12,2024-06-20
"CL012","M00017","Marketing",12,2024-01-29
"CL003","M00018","Support",8,2024-08-15
"CL003","M00019","Finance",8,2025-01-25
"CL011","M00020","Ops",4,2025-01-10
"CL009","M00021","Sales",4,2024-02-18
"CL011","M00022","Marketing",4,2025-02-03
"CL003","M00023","Engineering",8,2024-10-26
"CL003","M00024","Ops",8,2025-01-27
"CL005","M00025","CS",12,2024-06-10
"CL012","M00026","CS",12,2024-04-10
"CL003","M00027","Marketing",8,2025-01-28
"CL003","M00028","Marketing",8,2024-11-09
"CL003","M00029","Finance",8,2024-12-19
"CL003","M00030","Marketing",8,2024-10-24
"CL003","M00031","Sales",8,2025-02-05
"CL012","M00032","HR",12,2024-05-01
"CL002","M00033","Finance",8,2024-07-30
"CL011","M00034","Finance",4,2024-11-05
"CL012","M00035","CS",12,2024-05-23
"CL003","M00036","CS",8,2024-08-17
"CL003","M00037","Marketing",8,2024-12-07
"CL006","M00038","Engineering",8,2024-03-22
"CL010","M00039","CS",4,2024-05-10
"CL003","M00040","Marketing",8,2024-08-17
"CL003","M00041","Sales",8,2024-11-25
"CL001","M00042","Sales",8,2024-05-28
"CL002","M00043","Ops",8,2024-11-01
"CL002","M00044","Support",8,2025-01-29
"CL004","M00045","CS",12,2024-10-26
"CL002","M00046","Sales",8,2024-08-28
"CL001","M00047","HR",8,2024-03-17
"CL012","M00048","Ops",12,2024-05-30
"CL008","M00049","Ops",4,2024-08-29
"CL012","M00050","Engineering",12,2024-03-01
"CL003","M00051","Ops",8,2024-09-22
"CL003","M00052","Finance",8,2024-09-03
"CL001","M00053","Ops",8,2024-04-12
"CL003","M00054","Ops",8,2024-11-30
"CL005","M00055","Ops",12,2024-07-12
"CL001","M00056","Finance",8,2024-06-19
"CL001","M00057","CS",8,2024-03-10
"CL011","M00058","Engineering",4,2024-12-31
"CL003","M00059","Ops",8,2025-01-10
"CL008","M00060","CS",4,2024-12-30
"CL012","M00061","Marketing",12,2024-02-21
"CL003","M00062","Finance",8,2024-08-25
"CL012","M00063","Sales",12,2024-03-20
"CL001","M00064","HR",8,2024-06-08
"CL001","M00065","Engineering",8,2024-06-27
"CL001","M00066","Marketing",8,2024-01-15
"CL007","M00067","Engineering",8,2024-07-30
"CL001","M00068","Engineering",8,2024-04-12
"CL011","M00069","Engineering",4,2024-09-17
"CL007","M00070","Marketing",8,2024-08-16
"CL003","M00071","Ops",8,2024-11-08
"CL007","M00072","CS",8,2024-05-09
"CL012","M00073","Engineering",12,2024-04-02
"CL002","M00074","Engineering",8,2025-01-23
"CL003","M00075","Engineering",8,2025-01-21
"CL001","M00076","Ops",8,2024-01-12
"CL011","M00077","CS",4,2024-09-15
"CL003","M00078","HR",8,2024-08-14
"CL012","M00079","Finance",12,2024-04-27
"CL003","M00080","Ops",8,2024-08-13
"CL001","M00081","Engineering",8,2024-05-28
"CL008","M00082","Ops",4,2024-09-06
"CL007","M00083","Sales",8,2024-04-23
"CL003","M00084","CS",8,2024-08-21
"CL003","M00085","Support",8,2025-01-21
"CL001","M00086","Marketing",8,2024-04-26
"CL006","M00087","Engineering",8,2024-08-05
"CL001","M00088","Finance",8,2024-07-19
"CL002","M00089","HR",8,2025-01-12
"CL004","M00090","Marketing",12,2024-09-01
"CL011","M00091","Support",4,2024-09-15
"CL002","M00092","CS",8,2024-12-26
"CL001","M00093","Finance",8,2024-03-03
"CL012","M00094","Sales",12,2024-05-09
"CL010","M00095","HR",4,2024-07-06
"CL012","M00096","Finance",12,2024-07-06
"CL009","M00097","Engineering",4,2024-06-08
"CL003","M00098","HR",8,2024-08-22
"CL008","M00099","Engineering",4,2024-12-30
"CL011","M00100","Finance",4,2025-01-02
"CL004","M00101","Marketing",12,2024-08-10
"CL001","M00102","Support",8,2024-07-26
"CL006","M00103","Marketing",8,2024-04-14
"CL009","M00104","HR",4,2024-07-27
"CL010","M00105","Support",4,2024-05-09
"CL006","M00106","Support",8,2024-07-14
"CL005","M00107","Support",12,2024-08-29
"CL007","M00108","Sales",8,2024-04-19
"CL011","M00109","CS",4,2024-10-23
"CL009","M00110","CS",4,2024-05-30
"CL006","M00111","Support",8,2024-02-17
"CL001","M00112","Ops",8,2024-04-28
"CL003","M00113","Finance",8,2024-10-09
"CL012","M00114","CS",12,2024-01-05
"CL003","M00115","CS",8,2024-12-05
"CL003","M00116","Engineering",8,2024-08-30
"CL003","M00117","Finance",8,2024-11-08
"CL008","M00118","Ops",4,2024-11-19
"CL003","M00119","Support",8,2025-02-08
"CL003","M00120","HR",8,2024-08-22
"CL003","M00121","HR",8,2025-01-13
"CL012","M00122","Ops",12,2024-07-18
"CL003","M00123","Finance",8,2024-10-07
"CL009","M00124","Marketing",4,2024-07-24
"CL012","M00125","Ops",12,2024-04-04
"CL011","M00126","Engineering",4,2024-12-27
"CL009","M00127","Finance",4,2024-05-13
"CL003","M00128","HR",8,2024-12-05
"CL001","M00129","Support",8,2024-03-24
"CL008","M00130","Marketing",4,2024-12-11
"CL001","M00131","HR",8,2024-03-25
"CL003","M00132","CS",8,2024-10-05
"CL003","M00133","Marketing",8,2025-02-07
"CL004","M00134","Engineering",12,2024-08-13
"CL003","M00135","Support",8,2025-02-17
"CL002","M00136","Finance",8,2024-12-13
"CL003","M00137","Ops",8,2024-11-22
"CL006","M00138","Ops",8,2024-04-11
"CL001","M00139","Finance",8,2024-07-09
"CL012","M00140","Finance",12,2024-03-16
"CL005","M00141","Sales",12,2024-10-16
"CL001","M00142","Sales",8,2024-04-03
"CL001","M00143","Ops",8,2024-02-04
"CL003","M00144","Sales",8,2024-10-20
"CL008","M00145","HR",4,2024-09-27
"CL012","M00146","Sales",12,2024-06-03
"CL001","M00147","Support",8,2024-07-13
"CL007","M00148","Sales",8,2024-06-07
"CL003","M00149","Marketing",8,2024-09-07
"CL003","M00150","CS",8,2025-01-29
"CL001","M00151","Sales",8,2024-05-18
"CL001","M00152","Support",8,2024-03-19
"CL012","M00153","Ops",12,2024-03-22
"CL012","M00154","Support",12,2024-06-20
"CL003","M00155","Engineering",8,2025-01-12
"CL007","M00156","Support",8,2024-03-30
"CL003","M00157","HR",8,2024-12-17
"CL006","M00158","Marketing",8,2024-04-18
"CL005","M00159","HR",12,2024-11-16
"CL003","M00160","Support",8,2024-09-14
"CL012","M00161","Marketing",12,2024-01-04
"CL003","M00162","Engineering",8,2024-08-15
"CL001","M00163","Finance",8,2024-03-25
"CL003","M00164","Marketing",8,2024-08-15
"CL011","M00165","Sales",4,2024-10-23
"CL003","M00166","Marketing",8,2025-01-26
"CL012","M00167","Marketing",12,2024-01-20
"CL005","M00168","Sales",12,2024-10-02
"CL012","M00169","CS",12,2024-01-16
"CL003","M00170","Marketing",8,2024-10-28
"CL002","M00171","Support",8,2025-01-26
"CL003","M00172","Ops",8,2024-09-20
"CL003","M00173","Ops",8,2025-01-24
"CL003","M00174","Marketing",8,2024-08-14
"CL001","M00175","CS",8,2024-01-10
"CL012","M00176","Engineering",12,2024-02-04
"CL003","M00177","Sales",8,2024-11-03
"CL011","M00178","Ops",4,2025-02-14
"CL003","M00179","Finance",8,2025-02-04
"CL003","M00180","Support",8,2024-09-30
"CL001","M00181","Support",8,2024-04-17
"CL003","M00182","Ops",8,2024-12-08
"CL005","M00183","Support",12,2024-10-03
"CL012","M00184","Support",12,2024-07-04
"CL008","M00185","Support",4,2024-12-12
"CL007","M00186","HR",8,2024-04-10
"CL006","M00187","CS",8,2024-08-21
"CL003","M00188","Finance",8,2024-12-09
"CL003","M00189","Sales",8,2024-12-02
"CL003","M00190","Finance",8,2025-02-03
"CL011","M00191","Support",4,2025-03-02
"CL008","M00192","Marketing",4,2024-11-22
"CL003","M00193","Marketing",8,2024-12-22
"CL001","M00194","HR",8,2024-05-22
"CL009","M00195","Engineering",4,2024-07-05
"CL003","M00196","Finance",8,2024-09-22
"CL011","M00197","Engineering",4,2024-09-10
"CL005","M00198","Support",12,2024-06-26
"CL006","M00199","HR",8,2024-07-23
"CL003","M00200","CS",8,2024-08-22
"CL008","M00201","HR",4,2024-10-31
"CL007","M00202","CS",8,2024-09-04
"CL012","M00203","Marketing",12,2024-01-05
"CL004","M00204","Support",12,2024-10-05
"CL001","M00205","Ops",8,2024-07-27
"CL007","M00206","Support",8,2024-07-28
"CL008","M00207","CS",4,2024-10-12
"CL012","M00208","Finance",12,2024-05-16
"CL003","M00209","Marketing",8,2025-02-08
"CL003","M00210","Marketing",8,2024-09-25
"CL003","M00211","Support",8,2024-11-19
"CL012","M00212","Marketing",12,2024-03-19
"CL003","M00213","Support",8,2024-09-04
"CL003","M00214","Support",8,2024-12-07
"CL012","M00215","Finance",12,2024-04-08
"CL008","M00216","Marketing",4,2024-08-18
"CL011","M00217","CS",4,2025-02-26
"CL006","M00218","Sales",8,2024-03-25
"CL012","M00219","Engineering",12,2024-05-24
"CL012","M00220","HR",12,2024-06-13
"CL010","M00221","CS",4,2024-01-25
"CL011","M00222","Ops",4,2025-01-28
"CL002","M00223","Ops",8,2024-11-02
"CL012","M00224","Finance",12,2024-03-04
"CL001","M00225","Finance",8,2024-01-19
"CL012","M00226","Finance",12,2024-01-19
"CL009","M00227","Sales",4,2024-03-23
"CL012","M00228","Ops",12,2024-07-19
"CL003","M00229","Finance",8,2024-08-06
"CL003","M00230","Marketing",8,2024-08-13
"CL003","M00231","Marketing",8,2024-09-23
"CL008","M00232","HR",4,2024-11-07
"CL003","M00233","Ops",8,2025-01-18
"CL003","M00234","Ops",8,2024-09-16
"CL001","M00235","HR",8,2024-07-11
"CL006","M00236","Finance",8,2024-02-12
"CL008","M00237","Finance",4,2024-12-14
"CL012","M00238","Marketing",12,2024-05-16
"CL003","M00239","Ops",8,2024-10-14
"CL003","M00240","Marketing",8,2024-10-24
"CL005","M00241","Sales",12,2024-09-03
"CL011","M00242","CS",4,2025-01-07
"CL003","M00243","Marketing",8,2024-09-25
"CL004","M00244","HR",12,2024-11-02
"CL006","M00245","HR",8,2024-02-18
"CL012","M00246","Support",12,2024-07-02
"CL003","M00247","Support",8,2025-01-11
"CL008","M00248","HR",4,2024-10-15
"CL011","M00249","Engineering",4,2024-12-19
"CL001","M00250","Sales",8,2024-04-19
"CL012","M00251","Ops",12,2024-05-07
"CL011","M00252","Sales",4,2024-11-13
"CL001","M00253","HR",8,2024-03-19
"CL003","M00254","Finance",8,2024-08-29
"CL005","M00255","Marketing",12,2024-08-20
"CL003","M00256","Engineering",8,2024-09-16
"CL006","M00257","Ops",8,2024-08-13
"CL003","M00258","Engineering",8,2024-09-11
"CL011","M00259","Finance",4,2024-09-22
"CL006","M00260","Support",8,2024-02-24
"CL006","M00261","Marketing",8,2024-06-17
"CL003","M00262","Engineering",8,2025-01-11
"CL003","M00263","CS",8,2024-08-05
"CL003","M00264","HR",8,2024-12-24
"CL003","M00265","Marketing",8,2024-12-21
"CL001","M00266","Ops",8,2024-03-23
"CL011","M00267","HR",4,2024-11-23
"CL003","M00268","HR",8,2024-08-11
"CL003","M00269","Ops",8,2024-08-12
"CL011","M00270","HR",4,2025-01-05
"CL007","M00271","Support",8,2024-06-11
"CL012","M00272","Marketing",12,2024-06-05
"CL003","M00273","Engineering",8,2024-12-05
"CL006","M00274","Engineering",8,2024-06-09
"CL009","M00275","CS",4,2024-03-25
"CL005","M00276","Marketing",12,2024-08-12
"CL003","M00277","Finance",8,2024-08-07
"CL008","M00278","Engineering",4,2025-02-04
"CL011","M00279","Engineering",4,2024-10-25
"CL002","M00280","Finance",8,2025-02-02
"CL003","M00281","CS",8,2024-11-04
"CL001","M00282","Engineering",8,2024-07-02
"CL003","M00283","Sales",8,2024-11-09
"CL001","M00284","Marketing",8,2024-06-11
"CL008","M00285","Support",4,2025-01-11
"CL009","M00286","Marketing",4,2024-07-04
"CL008","M00287","Sales",4,2024-10-07
"CL003","M00288","HR",8,2024-11-20
"CL003","M00289","Marketing",8,2024-10-10
"CL005","M00290","Sales",12,2024-06-16
"CL003","M00291","Support",8,2025-02-06
"CL003","M00292","Marketing",8,2024-12-19
"CL003","M00293","HR",8,2024-11-01
"CL001","M00294","Ops",8,2024-06-11
"CL001","M00295","Engineering",8,2024-06-04
"CL011","M00296","Engineering",4,2025-03-10
"CL008","M00297","HR",4,2024-11-24
"CL011","M00298","CS",4,2024-12-22
"CL005","M00299","HR",12,2024-05-28
"CL003","M00300","HR",8,2024-11-22
"CL011","M00301","HR",4,2024-11-30
"CL012","M00302","Sales",12,2024-05-08
"CL001","M00303","Finance",8,2024-03-29
"CL012","M00304","Engineering",12,2024-07-21
"CL010","M00305","HR",4,2024-03-30
"CL012","M00306","CS",12,2024-06-20
"CL006","M00307","Finance",8,2024-04-02
"CL007","M00308","Finance",8,2024-10-02
"CL003","M00309","Finance",8,2024-11-30
"CL008","M00310","Engineering",4,2025-01-07
"CL012","M00311","Ops",12,2024-01-13
"CL011","M00312","Marketing",4,2024-12-05
"CL003","M00313","HR",8,2024-08-21
"CL009","M00314","Engineering",4,2024-02-25
"CL011","M00315","HR",4,2025-02-23
"CL008","M00316","Sales",4,2024-10-10
"CL003","M00317","Engineering",8,2024-11-03
"CL003","M00318","Engineering",8,2025-01-25
"CL009","M00319","HR",4,2024-01-31
"CL001","M00320","Marketing",8,2024-02-28
"CL003","M00321","Marketing",8,2024-09-21
"CL003","M00322","HR",8,2024-10-17
"CL002","M00323","Marketing",8,2024-12-17
"CL004","M00324","HR",12,2024-11-22
"CL011","M00325","Engineering",4,2024-09-22
"CL012","M00326","Ops",12,2024-06-06
"CL003","M00327","Support",8,2024-08-29
"CL001","M00328","CS",8,2024-01-24
"CL003","M00329","HR",8,2025-01-22
"CL012","M00330","HR",12,2024-02-27
"CL005","M00331","Engineering",12,2024-10-23
"CL003","M00332","CS",8,2024-09-23
"CL002","M00333","CS",8,2025-01-05
"CL011","M00334","CS",4,2024-09-29
"CL007","M00335","Engineering",8,2024-09-29
"CL003","M00336","Finance",8,2024-10-26
"CL005","M00337","Marketing",12,2024-09-12
"CL002","M00338","HR",8,2024-12-23
"CL003","M00339","CS",8,2024-11-21
"CL005","M00340","Support",12,2024-07-23
"CL008","M00341","Finance",4,2024-11-16
"CL001","M00342","Ops",8,2024-04-14
"CL003","M00343","HR",8,2024-11-08
"CL008","M00344","Ops",4,2024-11-14
"CL010","M00345","Finance",4,2024-03-10
"CL008","M00346","CS",4,2025-01-25
"CL012","M00347","Marketing",12,2024-02-18
"CL012","M00348","Sales",12,2024-01-15
"CL003","M00349","Ops",8,2025-01-01
"CL007","M00350","Support",8,2024-09-05
"CL004","M00351","Ops",12,2024-08-05
"CL003","M00352","HR",8,2024-11-11
"CL012","M00353","CS",12,2024-04-05
"CL006","M00354","Ops",8,2024-07-08
"CL001","M00355","Sales",8,2024-06-11
"CL001","M00356","Engineering",8,2024-05-01
"CL005","M00357","Support",12,2024-09-02
"CL009","M00358","CS",4,2024-08-08
"CL006","M00359","Ops",8,2024-02-27
"CL006","M00360","Engineering",8,2024-08-01
"CL005","M00361","HR",12,2024-11-05
"CL008","M00362","Finance",4,2024-12-26
"CL001","M00363","Finance",8,2024-02-15
"CL001","M00364","Sales",8,2024-06-30
"CL006","M00365","Finance",8,2024-02-23
"CL011","M00366","Ops",4,2025-01-08
"CL012","M00367","Marketing",12,2024-06-10
"CL009","M00368","Engineering",4,2024-03-11
"CL001","M00369","Ops",8,2024-04-15
"CL009","M00370","Engineering",4,2024-05-30
"CL007","M00371","Ops",8,2024-08-23
"CL008","M00372","Support",4,2025-02-07
"CL008","M00373","HR",4,2024-08-15
"CL001","M00374","CS",8,2024-06-02
"CL004","M00375","Engineering",12,2024-06-06
"CL006","M00376","Marketing",8,2024-04-10
"CL003","M00377","Support",8,2025-01-11
"CL012","M00378","Sales",12,2024-03-31
"CL003","M00379","HR",8,2025-01-24
"CL012","M00380","Engineering",12,2024-01-16
"CL003","M00381","Finance",8,2024-10-27
"CL002","M00382","CS",8,2024-09-02
"CL001","M00383","Ops",8,2024-07-14
"CL001","M00384","HR",8,2024-02-16
"CL012","M00385","Support",12,2024-07-07
"CL006","M00386","Sales",8,2024-05-30
"CL011","M00387","CS",4,2025-03-02
"CL012","M00388","HR",12,2024-06-13
"CL012","M00389","Finance",12,2024-05-23
"CL006","M00390","CS",8,2024-04-20
"CL012","M00391","Engineering",12,2024-06-07
"CL005","M00392","Finance",12,2024-09-17
"CL012","M00393","Ops",12,2024-05-13
"CL003","M00394","Finance",8,2024-09-15
"CL001","M00395","CS",8,2024-06-12
"CL002","M00396","Finance",8,2024-12-04
"CL008","M00397","Sales",4,2024-12-28
"CL006","M00398","Finance",8,2024-07-23
"CL003","M00399","Marketing",8,2024-10-11
"CL012","M00400","Marketing",12,2024-06-07
"CL012","M00401","Engineering",12,2024-03-23
"CL008","M00402","HR",4,2024-10-20
"CL008","M00403","Sales",4,2024-11-05
"CL012","M00404","Ops",12,2024-04-02
"CL001","M00405","Engineering",8,2024-03-19
"CL002","M00406","Finance",8,2024-12-06
"CL001","M00407","HR",8,2024-02-29
"CL012","M00408","Engineering",12,2024-04-08
"CL003","M00409","Engineering",8,2024-09-09
"CL006","M00410","Finance",8,2024-05-07
"CL003","M00411","HR",8,2024-11-17
"CL012","M00412","Sales",12,2024-03-20
"CL003","M00413","HR",8,2024-12-11
"CL003","M00414","Sales",8,2025-01-04
"CL011","M00415","HR",4,2025-03-11
"CL008","M00416","Ops",4,2025-02-08
"CL003","M00417","CS",8,2024-09-05
"CL001","M00418","HR",8,2024-03-19
"CL011","M00419","Engineering",4,2025-01-01
"CL003","M00420","Support",8,2024-11-28
"CL003","M00421","CS",8,2024-09-25
"CL003","M00422","Ops",8,2025-01-05
"CL011","M00423","HR",4,2025-02-18
"CL001","M00424","Finance",8,2024-03-07
"CL009","M00425","Finance",4,2024-03-01
"CL011","M00426","HR",4,2024-11-06
"CL003","M00427","HR",8,2024-09-21
"CL003","M00428","Sales",8,2024-11-27
"CL001","M00429","Marketing",8,2024-04-13
"CL012","M00430","Support",12,2024-01-21
"CL008","M00431","Finance",4,2024-11-20
"CL012","M00432","Support",12,2024-06-04
"CL012","M00433","Support",12,2024-02-09
"CL005","M00434","Engineering",12,2024-07-07
"CL011","M00435","Ops",4,2024-09-21
"CL012","M00436","CS",12,2024-01-15
"CL001","M00437","HR",8,2024-05-15
"CL003","M00438","Marketing",8,2024-08-04
"CL003","M00439","Marketing",8,2025-01-06
"CL003","M00440","Ops",8,2024-08-25
"CL011","M00441","Sales",4,2025-01-06
"CL001","M00442","CS",8,2024-03-01
"CL003","M00443","Finance",8,2024-11-22
"CL005","M00444","Sales",12,2024-07-30
"CL006","M00445","Support",8,2024-05-21
"CL003","M00446","Marketing",8,2024-09-19
"CL003","M00447","Support",8,2025-01-19
"CL001","M00448","Finance",8,2024-04-03
"CL011","M00449","HR",4,2024-10-19
"CL012","M00450","Sales",12,2024-02-18
"CL006","M00451","Marketing",8,2024-06-23
"CL003","M00452","Ops",8,2024-09-12
"CL003","M00453","Ops",8,2024-12-01
"CL007","M00454","CS",8,2024-04-14
"CL011","M00455","HR",4,2024-09-30
"CL003","M00456","CS",8,2024-12-05
"CL012","M00457","HR",12,2024-06-20
"CL004","M00458","Finance",12,2024-09-22
"CL008","M00459","Marketing",4,2024-10-25
"CL006","M00460","Engineering",8,2024-04-15
"CL006","M00461","Ops",8,2024-07-08
"CL008","M00462","Engineering",4,2025-01-22
"CL001","M00463","Marketing",8,2024-03-27
"CL001","M00464","Engineering",8,2024-06-20
"CL003","M00465","Sales",8,2025-02-14
"CL008","M00466","Sales",4,2024-10-28
"CL001","M00467","Marketing",8,2024-05-18
"CL003","M00468","Marketing",8,2024-11-05
"CL003","M00469","Engineering",8,2024-10-24
"CL006","M00470","Marketing",8,2024-08-18
"CL001","M00471","Sales",8,2024-01-12
"CL001","M00472","Ops",8,2024-06-10
"CL012","M00473","Sales",12,2024-06-14
"CL003","M00474","HR",8,2024-10-01
"CL002","M00475","HR",8,2024-08-26
"CL011","M00476","Sales",4,2025-02-17
"CL002","M00477","Support",8,2024-12-08
"CL003","M00478","HR",8,2025-01-10
"CL003","M00479","Ops",8,2025-02-15
"CL008","M00480","HR",4,2024-12-17
"CL009","M00481","HR",4,2024-03-03
"CL008","M00482","HR",4,2024-11-26
"CL003","M00483","Support",8,2025-01-16
"CL003","M00484","Marketing",8,2024-10-15
"CL011","M00485","CS",4,2025-01-09
"CL001","M00486","Sales",8,2024-03-12
"CL008","M00487","Marketing",4,2024-10-12
"CL003","M00488","Support",8,2024-11-24
"CL009","M00489","Sales",4,2024-05-13
"CL003","M00490","HR",8,2024-10-21
"CL005","M00491","Sales",12,2024-07-30
"CL003","M00492","Support",8,2025-02-07
"CL010","M00493","Support",4,2024-01-21
"CL008","M00494","HR",4,2024-10-20
"CL003","M00495","Finance",8,2025-01-25
"CL005","M00496","Support",12,2024-07-05
"CL003","M00497","Marketing",8,2024-10-08
"CL002","M00498","Engineering",8,2024-11-05
"CL008","M00499","Marketing",4,2024-12-22
"CL003","M00500","HR",8,2024-09-19
"CL011","M00501","Support",4,2025-03-01
"CL012","M00502","Sales",12,2024-04-11
"CL005","M00503","Engineering",12,2024-07-08
"CL005","M00504","Engineering",12,2024-10-18
"CL001","M00505","HR",8,2024-05-30
"CL003","M00506","Sales",8,2024-11-01
"CL012","M00507","Ops",12,2024-02-10
"CL012","M00508","CS",12,2024-01-30
"CL012","M00509","Sales",12,2024-05-02
"CL012","M00510","CS",12,2024-01-09
"CL001","M00511","Support",8,2024-02-28
"CL009","M00512","Engineering",4,2024-05-21
"CL003","M00513","Finance",8,2024-11-25
"CL012","M00514","Marketing",12,2024-02-18
"CL004","M00515","Sales",12,2024-10-12
"CL008","M00516","Finance",4,2024-09-29
"CL001","M00517","HR",8,2024-05-31
"CL011","M00518","Ops",4,2025-01-02
"CL005","M00519","Marketing",12,2024-09-29
"CL006","M00520","HR",8,2024-03-19
"CL012","M00521","Engineering",12,2024-07-03
"CL012","M00522","CS",12,2024-03-07
"CL001","M00523","Sales",8,2024-04-27
"CL006","M00524","HR",8,2024-03-07
"CL003","M00525","Sales",8,2024-08-20
"CL012","M00526","Finance",12,2024-04-02
"CL002","M00527","Support",8,2024-11-13
"CL012","M00528","Ops",12,2024-03-25
"CL003","M00529","Marketing",8,2024-08-06
"CL003","M00530","Finance",8,2025-02-10
"CL001","M00531","HR",8,2024-06-22
"CL012","M00532","Support",12,2024-01-31
"CL012","M00533","HR",12,2024-04-21
"CL002","M00534","Sales",8,2024-12-28
"CL003","M00535","HR",8,2025-02-08
"CL008","M00536","Engineering",4,2024-11-29
"CL012","M00537","Marketing",12,2024-07-01
"CL001","M00538","Ops",8,2024-05-24
"CL003","M00539","Sales",8,2024-12-13
"CL003","M00540","Support",8,2024-11-23
"CL001","M00541","Finance",8,2024-02-12
"CL011","M00542","Support",4,2024-10-13
"CL003","M00543","HR",8,2025-01-10
"CL003","M00544","Support",8,2024-08-13
"CL003","M00545","HR",8,2025-01-02
"CL002","M00546","Engineering",8,2024-12-28
"CL001","M00547","Support",8,2024-02-22
"CL012","M00548","Marketing",12,2024-02-24
"CL011","M00549","Marketing",4,2025-03-01
"CL008","M00550","Finance",4,2024-08-18
"CL012","M00551","Ops",12,2024-07-04
"CL012","M00552","Engineering",12,2024-06-02
"CL006","M00553","Marketing",8,2024-05-11
"CL003","M00554","Ops",8,2024-11-27
"CL005","M00555","Engineering",12,2024-05-31
"CL011","M00556","Ops",4,2025-02-25
"CL001","M00557","Marketing",8,2024-02-11
"CL007","M00558","HR",8,2024-05-01
"CL008","M00559","Support",4,2024-12-20
"CL003","M00560","CS",8,2024-09-15
"CL003","M00561","Engineering",8,2024-09-11
"CL001","M00562","Ops",8,2024-07-10
"CL003","M00563","CS",8,2025-02-19
"CL004","M00564","HR",12,2024-10-19
"CL012","M00565","HR",12,2024-05-04
"CL012","M00566","Marketing",12,2024-04-21
"CL003","M00567","HR",8,2025-01-16
"CL005","M00568","Support",12,2024-07-03
"CL012","M00569","Engineering",12,2024-04-19
"CL011","M00570","HR",4,2025-03-07
"CL006","M00571","Sales",8,2024-03-01
"CL012","M00572","Engineering",12,2024-04-05
"CL010","M00573","HR",4,2024-07-21
"CL003","M00574","HR",8,2024-12-24
"CL003","M00575","HR",8,2024-08-16
"CL001","M00576","Finance",8,2024-06-06
"CL003","M00577","Ops",8,2024-11-10
"CL003","M00578","CS",8,2025-01-09
"CL006","M00579","Marketing",8,2024-08-05
"CL003","M00580","Sales",8,2024-11-20
"CL006","M00581","Engineering",8,2024-03-14
"CL001","M00582","Finance",8,2024-02-19
"CL003","M00583","Engineering",8,2025-02-11
"CL001","M00584","HR",8,2024-06-05
"CL003","M00585","CS",8,2024-11-13
"CL003","M00586","Engineering",8,2024-08-24
"CL003","M00587","HR",8,2024-10-27
"CL011","M00588","HR",4,2024-10-21
"CL002","M00589","Support",8,2024-09-16
"CL012","M00590","Finance",12,2024-01-03
"CL006","M00591","CS",8,2024-05-21
"CL012","M00592","HR",12,2024-07-15
"CL002","M00593","Support",8,2024-12-28
"CL009","M00594","Marketing",4,2024-07-13
"CL001","M00595","HR",8,2024-03-18
"CL012","M00596","Marketing",12,2024-07-05
"CL010","M00597","CS",4,2024-01-11
"CL003","M00598","Sales",8,2025-02-19
"CL011","M00599","Marketing",4,2024-12-07
"CL007","M00600","CS",8,2024-07-07
"CL001","M00601","Finance",8,2024-05-12
"CL011","M00602","Ops",4,2025-02-22
"CL006","M00603","CS",8,2024-03-06
"CL005","M00604","Engineering",12,2024-05-28
"CL003","M00605","Ops",8,2024-10-14
"CL008","M00606","CS",4,2024-09-13
"CL008","M00607","HR",4,2024-10-24
"CL003","M00608","Engineering",8,2024-09-05
"CL003","M00609","HR",8,2024-11-13
"CL001","M00610","Engineering",8,2024-03-04
"CL012","M00611","Support",12,2024-03-11
"CL003","M00612","Ops",8,2024-09-20
"CL008","M00613","Finance",4,2024-09-18
"CL003","M00614","Support",8,2024-10-04
"CL007","M00615","Engineering",8,2024-05-14
"CL011","M00616","Finance",4,2024-11-02
"CL009","M00617","Sales",4,2024-02-22
"CL005","M00618","CS",12,2024-06-09
"CL012","M00619","Finance",12,2024-06-29
"CL012","M00620","Marketing",12,2024-02-19
"CL005","M00621","CS",12,2024-10-05
"CL005","M00622","Support",12,2024-05-24
"CL001","M00623","Finance",8,2024-01-14
"CL003","M00624","Marketing",8,2024-09-17
"CL004","M00625","CS",12,2024-06-10
"CL012","M00626","CS",12,2024-02-21
"CL003","M00627","Support",8,2024-08-13
"CL004","M00628","Engineering",12,2024-09-19
"CL003","M00629","Sales",8,2024-10-12
"CL012","M00630","Ops",12,2024-03-06
"CL012","M00631","CS",12,2024-04-16
"CL008","M00632","Support",4,2024-10-19
"CL003","M00633","HR",8,2024-11-30
"CL003","M00634","CS",8,2024-12-09
"CL012","M00635","Sales",12,2024-07-04
"CL002","M00636","Sales",8,2024-12-10
"CL006","M00637","Sales",8,2024-05-04
"CL008","M00638","HR",4,2024-08-29
"CL004","M00639","Sales",12,2024-07-01
"CL003","M00640","Engineering",8,2024-11-12
"CL004","M00641","Support",12,2024-10-04
"CL002","M00642","CS",8,2024-12-13
"CL007","M00643","CS",8,2024-09-13
"CL002","M00644","Sales",8,2024-09-28
"CL003","M00645","Engineering",8,2025-01-24
"CL006","M00646","Support",8,2024-08-15
"CL003","M00647","Ops",8,2025-02-15
"CL003","M00648","Finance",8,2025-01-09
"CL012","M00649","CS",12,2024-04-19
"CL012","M00650","Ops",12,2024-06-15
"CL003","M00651","Ops",8,2024-08-24
"CL012","M00652","CS",12,2024-05-07
"CL003","M00653","Engineering",8,2024-08-30
"CL009","M00654","Marketing",4,2024-04-02
"CL002","M00655","Marketing",8,2024-10-29
"CL003","M00656","Engineering",8,2024-12-02
"CL012","M00657","Ops",12,2024-07-09
"CL012","M00658","Marketing",12,2024-04-11
"CL012","M00659","Sales",12,2024-02-04
"CL006","M00660","HR",8,2024-04-13
"CL008","M00661","Engineering",4,2024-09-22
"CL004","M00662","CS",12,2024-12-06
"CL011","M00663","Engineering",4,2025-01-02
"CL007","M00664","CS",8,2024-08-01
"CL009","M00665","Sales",4,2024-04-14
"CL003","M00666","CS",8,2024-10-14
"CL001","M00667","CS",8,2024-05-28
"CL003","M00668","CS",8,2024-08-09
"CL001","M00669","Sales",8,2024-02-03
"CL003","M00670","Finance",8,2025-01-05
"CL003","M00671","Support",8,2024-09-30
"CL001","M00672","Engineering",8,2024-01-28
"CL011","M00673","HR",4,2024-11-30
"CL012","M00674","CS",12,2024-06-28
"CL005","M00675","CS",12,2024-11-16
"CL008","M00676","Support",4,2024-09-19
"CL003","M00677","Engineering",8,2024-09-05
"CL002","M00678","Marketing",8,2025-01-18
"CL008","M00679","Sales",4,2024-10-23
"CL006","M00680","Sales",8,2024-05-16
"CL006","M00681","Sales",8,2024-07-19
"CL011","M00682","Marketing",4,2025-02-23
"CL003","M00683","Ops",8,2024-11-05
"CL003","M00684","HR",8,2024-08-04
"CL006","M00685","Support",8,2024-04-06
"CL003","M00686","HR",8,2024-10-17
"CL003","M00687","Sales",8,2024-12-19
"CL011","M00688","Support",4,2025-03-23
"CL003","M00689","Support",8,2024-10-16
"CL008","M00690","Ops",4,2025-02-20
"CL003","M00691","Marketing",8,2024-11-03
"CL003","M00692","Ops",8,2024-11-06
"CL011","M00693","Support",4,2024-09-11
"CL001","M00694","Finance",8,2024-02-08
"CL003","M00695","Support",8,2025-02-07
"CL011","M00696","Engineering",4,2025-02-13
"CL005","M00697","Sales",12,2024-09-25
"CL010","M00698","Ops",4,2024-04-07
"CL002","M00699","CS",8,2025-01-14
"CL011","M00700","Ops",4,2025-03-21
"CL001","M00701","Sales",8,2024-05-14
"CL002","M00702","Finance",8,2024-08-02
"CL003","M00703","Ops",8,2024-11-22
"CL003","M00704","Support",8,2024-09-13
"CL003","M00705","Sales",8,2025-01-24
"CL006","M00706","Marketing",8,2024-07-17
"CL007","M00707","Ops",8,2024-09-24
"CL003","M00708","Sales",8,2024-10-16
"CL007","M00709","CS",8,2024-08-21
"CL008","M00710","Finance",4,2024-12-20
"CL003","M00711","Support",8,2025-01-23
"CL009","M00712","Engineering",4,2024-07-30
"CL012","M00713","Support",12,2024-06-27
"CL012","M00714","Engineering",12,2024-02-01
"CL012","M00715","Marketing",12,2024-02-11
"CL008","M00716","Sales",4,2024-08-28
"CL012","M00717","Finance",12,2024-01-10
"CL002","M00718","Support",8,2024-10-26
"CL003","M00719","Engineering",8,2024-09-14
"CL003","M00720","CS",8,2024-11-23
"CL003","M00721","Ops",8,2024-11-06
"CL003","M00722","Ops",8,2024-09-08
"CL003","M00723","Support",8,2024-12-13
"CL003","M00724","Marketing",8,2024-11-21
"CL012","M00725","Ops",12,2024-05-26
"CL003","M00726","Finance",8,2024-08-27
"CL001","M00727","Support",8,2024-01-10
"CL012","M00728","CS",12,2024-04-24
"CL012","M00729","Ops",12,2024-03-07
"CL012","M00730","Engineering",12,2024-06-13
"CL012","M00731","Marketing",12,2024-04-17
"CL003","M00732","CS",8,2024-10-24
"CL003","M00733","CS",8,2024-10-05
"CL003","M00734","Engineering",8,2024-12-13
"CL012","M00735","CS",12,2024-03-31
"CL011","M00736","Ops",4,2025-02-25
"CL005","M00737","CS",12,2024-11-02
"CL001","M00738","Ops",8,2024-05-18
"CL003","M00739","Ops",8,2024-12-24
"CL003","M00740","Marketing",8,2024-11-02
"CL004","M00741","CS",12,2024-11-01
"CL003","M00742","Engineering",8,2024-09-28
"CL001","M00743","Marketing",8,2024-01-30
"CL001","M00744","Sales",8,2024-05-07
"CL006","M00745","Finance",8,2024-08-04
"CL007","M00746","Engineering",8,2024-09-21
"CL003","M00747","Finance",8,2024-12-04
"CL003","M00748","Finance",8,2025-01-03
"CL008","M00749","Sales",4,2024-11-23
"CL012","M00750","Sales",12,2024-03-16
"CL012","M00751","Sales",12,2024-03-18
"CL012","M00752","Support",12,2024-06-26
"CL003","M00753","Support",8,2025-01-31
"CL003","M00754","CS",8,2024-12-07
"CL003","M00755","Support",8,2024-12-08
"CL002","M00756","Engineering",8,2024-08-06
"CL001","M00757","Finance",8,2024-06-17
"CL007","M00758","Support",8,2024-04-13
"CL008","M00759","Ops",4,2025-02-27
"CL001","M00760","Marketing",8,2024-03-03
"CL009","M00761","Sales",4,2024-02-11
"CL006","M00762","Ops",8,2024-03-23
"CL005","M00763","Finance",12,2024-11-25
"CL003","M00764","Ops",8,2024-11-01
"CL003","M00765","CS",8,2024-10-25
"CL003","M00766","Engineering",8,2024-08-09
"CL003","M00767","Marketing",8,2024-08-30
"CL003","M00768","CS",8,2025-02-11
"CL003","M00769","CS",8,2025-02-15
"CL003","M00770","CS",8,2024-10-13
"CL008","M00771","Support",4,2024-09-15
"CL003","M00772","Sales",8,2025-02-15
"CL005","M00773","Sales",12,2024-06-29
"CL011","M00774","Engineering",4,2024-11-29
"CL009","M00775","CS",4,2024-07-02
"CL007","M00776","HR",8,2024-05-10
"CL003","M00777","Engineering",8,2024-08-28
"CL003","M00778","HR",8,2025-02-15
"CL001","M00779","Finance",8,2024-02-09
"CL001","M00780","Marketing",8,2024-06-10
"CL001","M00781","HR",8,2024-05-21
"CL001","M00782","CS",8,2024-04-27
"CL012","M00783","Marketing",12,2024-05-06
"CL009","M00784","Engineering",4,2024-02-15
"CL003","M00785","Marketing",8,2024-12-14
"CL003","M00786","Support",8,2024-12-08
"CL003","M00787","HR",8,2024-09-25
"CL003","M00788","CS",8,2024-11-29
"CL003","M00789","Support",8,2024-09-20
"CL003","M00790","Sales",8,2025-02-07
"CL003","M00791","CS",8,2024-09-11
"CL006","M00792","Support",8,2024-08-11
"CL003","M00793","CS",8,2024-11-10
"CL008","M00794","HR",4,2025-01-29
"CL006","M00795","HR",8,2024-08-07
"CL008","M00796","HR",4,2025-02-04
"CL005","M00797","Finance",12,2024-12-02
"CL006","M00798","Marketing",8,2024-04-05
"CL008","M00799","Ops",4,2024-08-28
"CL003","M00800","CS",8,2024-11-08
"CL009","M00801","CS",4,2024-02-20
"CL007","M00802","Support",8,2024-06-19
"CL009","M00803","Marketing",4,2024-06-15
"CL003","M00804","HR",8,2024-09-16
"CL012","M00805","HR",12,2024-03-31
"CL001","M00806","Sales",8,2024-05-31
"CL011","M00807","Marketing",4,2025-03-23
"CL008","M00808","Sales",4,2025-01-13
"CL003","M00809","CS",8,2024-08-31
"CL011","M00810","Finance",4,2024-10-31
"CL002","M00811","HR",8,2024-12-14
"CL012","M00812","Sales",12,2024-04-04
"CL001","M00813","Support",8,2024-03-02
"CL012","M00814","CS",12,2024-07-05
"CL011","M00815","Sales",4,2024-11-17
"CL001","M00816","HR",8,2024-03-21
"CL012","M00817","Engineering",12,2024-04-26
"CL012","M00818","Sales",12,2024-04-13
"CL002","M00819","Ops",8,2024-08-04
"CL005","M00820","Marketing",12,2024-11-18
"CL008","M00821","Support",4,2025-02-11
"CL007","M00822","Support",8,2024-05-03
"CL005","M00823","Support",12,2024-11-29
"CL012","M00824","Marketing",12,2024-03-09
"CL012","M00825","Engineering",12,2024-06-25
"CL003","M00826","HR",8,2024-08-06
"CL008","M00827","CS",4,2024-09-08
"CL008","M00828","Ops",4,2024-11-14
"CL003","M00829","HR",8,2024-12-07
"CL003","M00830","Engineering",8,2024-10-19
"CL003","M00831","Engineering",8,2024-10-03
"CL012","M00832","Finance",12,2024-05-02
"CL004","M00833","Marketing",12,2024-09-10
"CL003","M00834","Engineering",8,2024-12-17
"CL011","M00835","Sales",4,2025-02-27
"CL008","M00836","Marketing",4,2024-12-22
"CL006","M00837","Sales",8,2024-04-18
"CL003","M00838","Sales",8,2025-01-11
"CL008","M00839","Ops",4,2024-10-13
"CL001","M00840","Engineering",8,2024-07-10
"CL012","M00841","HR",12,2024-04-12
"CL008","M00842","Marketing",4,2024-11-03
"CL011","M00843","Finance",4,2024-12-15
"CL003","M00844","Marketing",8,2025-01-17
"CL008","M00845","CS",4,2024-08-20
"CL012","M00846","Finance",12,2024-03-23
"CL008","M00847","Support",4,2024-10-18
"CL001","M00848","Ops",8,2024-05-23
"CL007","M00849","Support",8,2024-07-23
"CL003","M00850","Finance",8,2025-01-13
"CL003","M00851","Sales",8,2024-10-16
"CL012","M00852","Marketing",12,2024-02-11
"CL001","M00853","Ops",8,2024-06-09
"CL001","M00854","Finance",8,2024-01-18
"CL012","M00855","Finance",12,2024-06-02
"CL006","M00856","CS",8,2024-05-12
"CL003","M00857","Marketing",8,2024-11-28
"CL003","M00858","CS",8,2025-02-08
"CL003","M00859","Sales",8,2024-09-27
"CL003","M00860","Support",8,2024-10-06
"CL003","M00861","Marketing",8,2024-11-22
"CL012","M00862","Support",12,2024-03-04
"CL003","M00863","HR",8,2024-09-28
"CL003","M00864","Ops",8,2024-11-18
"CL003","M00865","Finance",8,2024-12-26
"CL003","M00866","Support",8,2024-12-13
"CL003","M00867","Marketing",8,2024-08-11
"CL011","M00868","Ops",4,2025-01-21
"CL011","M00869","Engineering",4,2024-12-13
"CL006","M00870","CS",8,2024-02-17
"CL005","M00871","Support",12,2024-10-29
"CL003","M00872","Engineering",8,2025-02-18
"CL001","M00873","Finance",8,2024-03-14
"CL002","M00874","CS",8,2024-11-10
"CL008","M00875","Marketing",4,2025-01-21
"CL004","M00876","CS",12,2024-06-15
"CL008","M00877","Sales",4,2024-10-11
"CL012","M00878","HR",12,2024-07-20
"CL001","M00879","Support",8,2024-07-12
"CL012","M00880","HR",12,2024-01-15
"CL005","M00881","CS",12,2024-06-17
"CL006","M00882","HR",8,2024-05-24
"CL005","M00883","Engineering",12,2024-07-17
"CL012","M00884","Marketing",12,2024-06-20
"CL012","M00885","Finance",12,2024-04-05
"CL003","M00886","Sales",8,2025-01-08
"CL012","M00887","HR",12,2024-04-11
"CL012","M00888","HR",12,2024-06-21
"CL012","M00889","Ops",12,2024-03-14
"CL005","M00890","HR",12,2024-08-08
"CL003","M00891","Finance",8,2024-09-02
"CL005","M00892","Engineering",12,2024-08-24
"CL009","M00893","Support",4,2024-02-06
"CL007","M00894","Engineering",8,2024-07-25
"CL001","M00895","Support",8,2024-02-23
"CL002","M00896","CS",8,2024-07-20
"CL007","M00897","Finance",8,2024-09-27
"CL012","M00898","CS",12,2024-05-09
"CL002","M00899","HR",8,2024-11-21
"CL011","M00900","Sales",4,2025-02-19
"CL003","M00901","HR",8,2025-01-02
"CL003","M00902","Marketing",8,2024-08-11
"CL003","M00903","Marketing",8,2024-11-17
"CL001","M00904","CS",8,2024-06-24
"CL010","M00905","CS",4,2024-04-20
"CL003","M00906","HR",8,2024-09-11
"CL008","M00907","Sales",4,2025-02-12
"CL009","M00908","Marketing",4,2024-07-29
"CL001","M00909","HR",8,2024-07-10
"CL001","M00910","Finance",8,2024-03-24
"CL003","M00911","Ops",8,2024-08-12
"CL003","M00912","HR",8,2025-02-07
"CL010","M00913","Ops",4,2024-04-11
"CL003","M00914","Support",8,2024-10-15
"CL012","M00915","Marketing",12,2024-06-08
"CL003","M00916","Support",8,2025-01-07
"CL001","M00917","HR",8,2024-01-25
"CL003","M00918","Finance",8,2025-02-11
"CL007","M00919","CS",8,2024-08-15
"CL003","M00920","Engineering",8,2024-11-19
"CL005","M00921","Sales",12,2024-09-01
"CL001","M00922","CS",8,2024-07-19
"CL003","M00923","Support",8,2025-01-01
"CL003","M00924","Support",8,2024-10-21
"CL007","M00925","Ops",8,2024-04-10
"CL008","M00926","Marketing",4,2024-11-26
"CL008","M00927","Sales",4,2025-01-15
"CL003","M00928","Engineering",8,2024-09-12
"CL003","M00929","Engineering",8,2024-12-02
"CL003","M00930","Support",8,2024-08-30
"CL008","M00931","Marketing",4,2025-02-06
"CL003","M00932","CS",8,2025-02-20
"CL001","M00933","Finance",8,2024-04-04
"CL012","M00934","Engineering",12,2024-07-16
"CL010","M00935","CS",4,2024-03-18
"CL003","M00936","HR",8,2024-12-22
"CL002","M00937","Sales",8,2025-01-03
"CL001","M00938","Finance",8,2024-06-26
"CL001","M00939","Finance",8,2024-06-22
"CL008","M00940","HR",4,2024-10-09
"CL003","M00941","Ops",8,2024-10-03
"CL011","M00942","Support",4,2025-01-22
"CL012","M00943","Ops",12,2024-05-19
"CL012","M00944","Sales",12,2024-03-17
"CL008","M00945","CS",4,2024-11-25
"CL008","M00946","Sales",4,2024-11-14
"CL001","M00947","Engineering",8,2024-03-25
"CL012","M00948","Marketing",12,2024-03-22
"CL008","M00949","Engineering",4,2025-01-21
"CL002","M00950","Ops",8,2024-12-05
"CL009","M00951","Engineering",4,2024-06-24
"CL008","M00952","HR",4,2024-09-29
"CL008","M00953","HR",4,2025-02-01
"CL001","M00954","Ops",8,2024-05-15
"CL007","M00955","Marketing",8,2024-08-20
"CL008","M00956","Marketing",4,2024-08-22
"CL012","M00957","CS",12,2024-06-21
"CL001","M00958","Marketing",8,2024-07-17
"CL005","M00959","Support",12,2024-08-04
"CL006","M00960","Ops",8,2024-04-22
"CL008","M00961","CS",4,2025-02-02
"CL003","M00962","HR",8,2024-10-22
"CL003","M00963","Sales",8,2025-01-28
"CL012","M00964","Engineering",12,2024-06-10
"CL003","M00965","Ops",8,2024-12-28
"CL003","M00966","Sales",8,2024-11-28
"CL011","M00967","Finance",4,2024-09-25
"CL001","M00968","Marketing",8,2024-02-18
"CL012","M00969","CS",12,2024-01-29
"CL003","M00970","Engineering",8,2025-02-08
"CL005","M00971","Support",12,2024-08-30
"CL008","M00972","Finance",4,2025-02-15
"CL008","M00973","CS",4,2025-01-16
"CL001","M00974","Ops",8,2024-01-14
"CL006","M00975","Finance",8,2024-07-06
"CL002","M00976","Sales",8,2024-10-22
"CL008","M00977","Finance",4,2025-02-10
"CL007","M00978","Engineering",8,2024-06-13
"CL010","M00979","Sales",4,2024-07-08
"CL012","M00980","Marketing",12,2024-07-11
"CL010","M00981","Marketing",4,2024-04-01
"CL005","M00982","Support",12,2024-11-25
"CL003","M00983","Ops",8,2024-11-06
"CL006","M00984","HR",8,2024-05-07
"CL001","M00985","Finance",8,2024-05-08
"CL004","M00986","Marketing",12,2024-07-28
"CL012","M00987","Support",12,2024-03-15
"CL003","M00988","Ops",8,2025-02-07
"CL003","M00989","Finance",8,2025-01-24
"CL002","M00990","Engineering",8,2024-12-09
"CL001","M00991","Finance",8,2024-05-16
"CL012","M00992","Ops",12,2024-06-29
"CL008","M00993","Ops",4,2024-10-02
"CL009","M00994","Ops",4,2024-08-11
"CL012","M00995","Marketing",12,2024-02-12
"CL003","M00996","Support",8,2025-02-17
"CL003","M00997","Finance",8,2025-01-24
"CL012","M00998","Ops",12,2024-01-03
"CL001","M00999","Engineering",8,2024-07-22
"CL003","M01000","Engineering",8,2024-09-01
"CL007","M01001","Sales",8,2024-07-28
"CL008","M01002","Ops",4,2024-08-20
"CL001","M01003","Ops",8,2024-03-12
"CL002","M01004","CS",8,2024-09-29
"CL006","M01005","Ops",8,2024-08-16
"CL003","M01006","Support",8,2024-08-10
"CL003","M01007","Ops",8,2025-01-23
"CL011","M01008","Finance",4,2025-03-28
"CL006","M01009","HR",8,2024-06-08
"CL006","M01010","Finance",8,2024-06-09
"CL003","M01011","HR",8,2025-02-01
"CL003","M01012","Marketing",8,2024-10-23
"CL003","M01013","HR",8,2024-12-30
"CL008","M01014","Engineering",4,2024-09-21
"CL008","M01015","Engineering",4,2025-02-04
"CL003","M01016","Sales",8,2024-09-30
"CL005","M01017","CS",12,2024-06-02
"CL009","M01018","Support",4,2024-07-22
"CL003","M01019","Support",8,2024-09-19
"CL007","M01020","HR",8,2024-09-21
"CL012","M01021","HR",12,2024-04-22
"CL008","M01022","Support",4,2025-01-22
"CL008","M01023","CS",4,2024-10-02
"CL003","M01024","HR",8,2024-11-11
"CL003","M01025","HR",8,2024-12-16
"CL006","M01026","HR",8,2024-04-22
"CL003","M01027","Engineering",8,2024-11-22
"CL003","M01028","Ops",8,2024-09-10
"CL004","M01029","Ops",12,2024-07-30
"CL003","M01030","Ops",8,2025-01-29
"CL003","M01031","Support",8,2024-08-09
"CL001","M01032","Support",8,2024-05-16
"CL011","M01033","CS",4,2024-12-05
"CL006","M01034","Sales",8,2024-02-17
"CL003","M01035","Engineering",8,2024-10-30
"CL001","M01036","HR",8,2024-03-26
"CL007","M01037","Marketing",8,2024-05-26
"CL001","M01038","Engineering",8,2024-03-06
"CL005","M01039","HR",12,2024-09-01
"CL012","M01040","Support",12,2024-01-19
"CL012","M01041","Support",12,2024-05-20
"CL007","M01042","Support",8,2024-05-30
"CL006","M01043","Ops",8,2024-03-27
"CL003","M01044","Ops",8,2025-01-21
"CL003","M01045","Engineering",8,2024-08-10
"CL008","M01046","HR",4,2025-01-27
"CL004","M01047","Engineering",12,2024-12-03
"CL012","M01048","Marketing",12,2024-02-09
"CL003","M01049","Sales",8,2024-11-25
"CL003","M01050","CS",8,2025-02-07
"CL003","M01051","Finance",8,2024-12-20
"CL011","M01052","Finance",4,2025-03-11
"CL006","M01053","CS",8,2024-02-24
"CL007","M01054","Finance",8,2024-05-04
"CL001","M01055","Sales",8,2024-04-17
"CL001","M01056","CS",8,2024-04-16
"CL003","M01057","Ops",8,2024-11-13
"CL005","M01058","Finance",12,2024-10-13
"CL005","M01059","Support",12,2024-06-02
"CL001","M01060","Ops",8,2024-02-12
"CL012","M01061","Support",12,2024-03-04
"CL012","M01062","Finance",12,2024-02-25
"CL012","M01063","Sales",12,2024-04-29
"CL003","M01064","HR",8,2025-01-12
"CL003","M01065","Finance",8,2024-10-28
"CL009","M01066","CS",4,2024-07-17
"CL005","M01067","Finance",12,2024-10-04
"CL002","M01068","Support",8,2024-08-22
"CL010","M01069","Finance",4,2024-01-26
"CL003","M01070","Engineering",8,2025-02-01
"CL006","M01071","Ops",8,2024-05-10
"CL007","M01072","Ops",8,2024-08-18
"CL003","M01073","Sales",8,2024-11-02
"CL008","M01074","Engineering",4,2025-01-02
"CL011","M01075","HR",4,2024-10-17
"CL001","M01076","Sales",8,2024-02-17
"CL003","M01077","HR",8,2024-11-18
"CL011","M01078","Marketing",4,2024-11-18
"CL004","M01079","Sales",12,2024-06-11
"CL003","M01080","Engineering",8,2024-09-07
"CL003","M01081","HR",8,2024-08-28
"CL008","M01082","Finance",4,2024-12-21
"CL008","M01083","Engineering",4,2024-11-17
"CL008","M01084","Ops",4,2025-02-03
"CL003","M01085","Ops",8,2024-10-25
"CL003","M01086","Sales",8,2025-01-23
"CL003","M01087","HR",8,2024-09-21
"CL011","M01088","Ops",4,2025-03-18
"CL003","M01089","HR",8,2024-12-31
"CL012","M01090","CS",12,2024-06-07
"CL003","M01091","Finance",8,2024-11-11
"CL003","M01092","Finance",8,2024-11-22
"CL011","M01093","Support",4,2024-10-11
"CL012","M01094","Finance",12,2024-06-20
"CL003","M01095","Ops",8,2025-02-15
"CL008","M01096","HR",4,2024-11-05
"CL011","M01097","Engineering",4,2025-02-07
"CL008","M01098","Support",4,2024-12-07
"CL007","M01099","Marketing",8,2024-08-21
"CL003","M01100","Sales",8,2024-11-18
"CL005","M01101","CS",12,2024-09-08
"CL012","M01102","Finance",12,2024-03-17
"CL001","M01103","Support",8,2024-05-28
"CL005","M01104","Engineering",12,2024-07-11
"CL006","M01105","HR",8,2024-05-27
"CL006","M01106","Support",8,2024-03-05
"CL011","M01107","CS",4,2025-03-28
"CL003","M01108","HR",8,2025-02-09
"CL003","M01109","HR",8,2024-10-31
"CL001","M01110","Support",8,2024-05-24
"CL003","M01111","HR",8,2024-12-05
"CL006","M01112","Finance",8,2024-03-25
"CL006","M01113","CS",8,2024-04-22
"CL003","M01114","Engineering",8,2024-10-15
"CL012","M01115","Support",12,2024-01-11
"CL001","M01116","Engineering",8,2024-05-23
"CL012","M01117","Ops",12,2024-02-12
"CL003","M01118","HR",8,2024-12-09
"CL001","M01119","Marketing",8,2024-04-16
"CL001","M01120","Sales",8,2024-07-27
"CL003","M01121","Sales",8,2025-01-22
"CL003","M01122","CS",8,2024-12-27
"CL006","M01123","Engineering",8,2024-06-29
"CL008","M01124","Support",4,2025-02-27
"CL005","M01125","Finance",12,2024-11-27
"CL007","M01126","HR",8,2024-08-25
"CL008","M01127","Sales",4,2025-01-23
"CL002","M01128","Engineering",8,2024-12-11
"CL006","M01129","Sales",8,2024-06-03
"CL012","M01130","Finance",12,2024-06-25
"CL002","M01131","Ops",8,2024-10-21
"CL003","M01132","Sales",8,2025-02-06
"CL005","M01133","Support",12,2024-10-27
"CL012","M01134","CS",12,2024-03-27
"CL012","M01135","Engineering",12,2024-01-24
"CL003","M01136","Support",8,2024-09-30
"CL005","M01137","CS",12,2024-09-15
"CL003","M01138","Support",8,2024-12-17
"CL001","M01139","Sales",8,2024-01-25
"CL003","M01140","HR",8,2024-09-15
"CL003","M01141","Finance",8,2024-12-28
"CL001","M01142","Support",8,2024-02-05
"CL003","M01143","Marketing",8,2024-08-15
"CL002","M01144","Finance",8,2025-01-08
"CL003","M01145","Ops",8,2024-12-28
"CL008","M01146","Marketing",4,2024-09-07
"CL011","M01147","CS",4,2024-10-19
"CL007","M01148","CS",8,2024-04-04
"CL007","M01149","Ops",8,2024-04-29
"CL001","M01150","Engineering",8,2024-01-11
"CL008","M01151","Marketing",4,2024-12-31
"CL008","M01152","Finance",4,2025-01-24
"CL001","M01153","Finance",8,2024-05-01
"CL001","M01154","HR",8,2024-05-02
"CL003","M01155","Finance",8,2024-10-20
"CL003","M01156","Support",8,2024-09-13
"CL003","M01157","Support",8,2025-01-15
"CL003","M01158","CS",8,2024-10-20
"CL001","M01159","Sales",8,2024-07-14
"CL002","M01160","CS",8,2024-08-03
"CL003","M01161","Finance",8,2024-08-28
"CL003","M01162","Sales",8,2024-12-04
"CL012","M01163","CS",12,2024-07-19
"CL003","M01164","Engineering",8,2024-10-22
"CL012","M01165","HR",12,2024-06-14
"CL009","M01166","Engineering",4,2024-05-22
"CL001","M01167","HR",8,2024-04-16
"CL003","M01168","Support",8,2024-09-15
"CL009","M01169","Sales",4,2024-07-15
"CL008","M01170","Engineering",4,2024-09-11
"CL007","M01171","Finance",8,2024-04-04
"CL008","M01172","Support",4,2024-12-23
"CL012","M01173","HR",12,2024-04-21
"CL007","M01174","Finance",8,2024-05-23
"CL007","M01175","HR",8,2024-08-22
"CL003","M01176","HR",8,2024-08-08
"CL011","M01177","HR",4,2025-02-02
"CL001","M01178","Ops",8,2024-07-09
"CL007","M01179","CS",8,2024-07-19
"CL012","M01180","HR",12,2024-06-18
"CL008","M01181","CS",4,2024-09-05
"CL003","M01182","Sales",8,2025-01-03
"CL001","M01183","Ops",8,2024-03-25
"CL003","M01184","CS",8,2024-10-28
"CL011","M01185","CS",4,2024-10-06
"CL003","M01186","Finance",8,2024-12-23
"CL003","M01187","Finance",8,2025-01-15
"CL003","M01188","CS",8,2024-09-28
"CL011","M01189","Engineering",4,2025-03-17
"CL012","M01190","HR",12,2024-04-08
"CL011","M01191","Sales",4,2025-01-28
"CL001","M01192","Engineering",8,2024-04-19
"CL003","M01193","Sales",8,2024-10-02
"CL001","M01194","HR",8,2024-01-15
"CL008","M01195","Ops",4,2024-11-06
"CL003","M01196","Sales",8,2024-11-01
"CL012","M01197","Engineering",12,2024-04-04
"CL011","M01198","Marketing",4,2024-12-27
"CL008","M01199","Engineering",4,2024-12-31
"CL002","M01200","Support",8,2025-01-12
"CL002","M01201","Engineering",8,2024-09-05
"CL003","M01202","Ops",8,2024-10-23
"CL005","M01203","Sales",12,2024-08-08
"CL001","M01204","CS",8,2024-07-11
"CL004","M01205","CS",12,2024-06-02
"CL012","M01206","HR",12,2024-03-12
"CL012","M01207","Sales",12,2024-01-04
"CL001","M01208","Ops",8,2024-04-22
"CL008","M01209","Support",4,2024-10-20
"CL012","M01210","Sales",12,2024-04-30
"CL003","M01211","CS",8,2024-11-03
"CL002","M01212","CS",8,2024-07-21
"CL012","M01213","Finance",12,2024-04-06
"CL003","M01214","CS",8,2024-11-28
"CL012","M01215","Ops",12,2024-03-12
"CL012","M01216","Sales",12,2024-05-09
"CL012","M01217","Finance",12,2024-04-11
"CL006","M01218","Marketing",8,2024-07-21
"CL012","M01219","Engineering",12,2024-02-29
"CL012","M01220","Finance",12,2024-05-24
"CL011","M01221","Marketing",4,2025-01-30
"CL012","M01222","Finance",12,2024-02-18
"CL003","M01223","Sales",8,2024-12-12
"CL003","M01224","CS",8,2024-11-14
"CL003","M01225","Sales",8,2024-10-07
"CL003","M01226","HR",8,2024-11-12
"CL004","M01227","Support",12,2024-06-10
"CL001","M01228","Engineering",8,2024-07-11
"CL005","M01229","Ops",12,2024-07-17
"CL003","M01230","CS",8,2024-12-14
"CL001","M01231","Ops",8,2024-05-02
"CL003","M01232","CS",8,2025-01-03
"CL002","M01233","Sales",8,2024-11-26
"CL003","M01234","CS",8,2025-01-25
"CL002","M01235","HR",8,2024-11-13
"CL011","M01236","Support",4,2024-12-25
"CL006","M01237","Marketing",8,2024-07-01
"CL008","M01238","CS",4,2025-01-23
"CL003","M01239","CS",8,2025-02-20
"CL003","M01240","CS",8,2025-01-16
"CL003","M01241","Support",8,2024-10-19
"CL012","M01242","Marketing",12,2024-06-10
"CL003","M01243","Finance",8,2024-12-16
"CL003","M01244","Ops",8,2024-12-05
"CL009","M01245","CS",4,2024-04-13
"CL008","M01246","Marketing",4,2025-02-24
"CL003","M01247","Sales",8,2024-11-08
"CL011","M01248","Sales",4,2025-01-21
"CL005","M01249","Finance",12,2024-11-30
"CL003","M01250","HR",8,2024-08-27
"CL003","M01251","Ops",8,2024-08-18
"CL005","M01252","Ops",12,2024-06-02
"CL012","M01253","Sales",12,2024-01-15
"CL001","M01254","HR",8,2024-05-31
"CL011","M01255","Ops",4,2025-03-13
"CL008","M01256","HR",4,2024-11-15
"CL012","M01257","CS",12,2024-01-16
"CL009","M01258","CS",4,2024-06-17
"CL006","M01259","Marketing",8,2024-04-28
"CL012","M01260","HR",12,2024-04-20
"CL006","M01261","Sales",8,2024-03-23
"CL012","M01262","Sales",12,2024-07-02
"CL006","M01263","Ops",8,2024-05-21
"CL006","M01264","Marketing",8,2024-05-11
"CL008","M01265","Ops",4,2024-10-22
"CL005","M01266","CS",12,2024-07-17
"CL009","M01267","Support",4,2024-07-19
"CL008","M01268","Ops",4,2025-01-05
"CL006","M01269","CS",8,2024-07-03
"CL001","M01270","Ops",8,2024-03-05
"CL006","M01271","Ops",8,2024-02-29
"CL012","M01272","Finance",12,2024-06-08
"CL003","M01273","Engineering",8,2024-12-07
"CL007","M01274","CS",8,2024-08-06
"CL003","M01275","HR",8,2024-08-22
"CL009","M01276","Ops",4,2024-06-01
"CL002","M01277","Support",8,2024-11-07
"CL003","M01278","Engineering",8,2024-11-21
"CL001","M01279","CS",8,2024-06-28
"CL001","M01280","Finance",8,2024-05-22
"CL012","M01281","CS",12,2024-05-03
"CL001","M01282","Finance",8,2024-03-31
"CL009","M01283","Support",4,2024-04-15
"CL001","M01284","Ops",8,2024-05-13
"CL005","M01285","CS",12,2024-06-20
"CL012","M01286","CS",12,2024-03-02
"CL006","M01287","CS",8,2024-07-15
"CL011","M01288","Ops",4,2024-12-14
"CL006","M01289","Support",8,2024-02-14
"CL011","M01290","Sales",4,2025-01-27
"CL009","M01291","Finance",4,2024-07-03
"CL003","M01292","Ops",8,2025-02-06
"CL009","M01293","Finance",4,2024-04-15
"CL006","M01294","HR",8,2024-04-06
"CL007","M01295","Support",8,2024-06-08
"CL008","M01296","Ops",4,2024-10-26
"CL003","M01297","Marketing",8,2024-10-07
"CL008","M01298","Engineering",4,2024-11-06
"CL006","M01299","Support",8,2024-06-18
"CL012","M01300","HR",12,2024-03-15
"CL006","M01301","Engineering",8,2024-07-10
"CL001","M01302","HR",8,2024-01-14
"CL008","M01303","Support",4,2025-02-03
"CL003","M01304","Finance",8,2024-12-20
"CL003","M01305","Marketing",8,2024-08-23
"CL011","M01306","Engineering",4,2025-02-22
"CL008","M01307","Engineering",4,2025-02-06
"CL005","M01308","Marketing",12,2024-11-05
"CL003","M01309","Sales",8,2025-02-03
"CL001","M01310","Ops",8,2024-02-20
"CL003","M01311","Sales",8,2025-01-24
"CL001","M01312","Finance",8,2024-05-25
"CL007","M01313","Marketing",8,2024-09-08
"CL011","M01314","Support",4,2025-01-07
"CL011","M01315","Marketing",4,2024-11-10
"CL012","M01316","HR",12,2024-02-13
"CL010","M01317","Finance",4,2024-02-16
"CL003","M01318","CS",8,2024-11-19
"CL003","M01319","Sales",8,2025-01-06
"CL003","M01320","Engineering",8,2025-01-08
"CL011","M01321","Engineering",4,2025-02-26
"CL003","M01322","Engineering",8,2024-11-14
"CL006","M01323","Marketing",8,2024-05-07
"CL008","M01324","CS",4,2024-11-04
"CL005","M01325","Finance",12,2024-08-31
"CL001","M01326","Support",8,2024-07-27
"CL003","M01327","HR",8,2024-08-08
"CL006","M01328","Marketing",8,2024-04-22
"CL006","M01329","Finance",8,2024-03-25
"CL001","M01330","Finance",8,2024-03-09
"CL003","M01331","CS",8,2024-08-09
"CL001","M01332","Finance",8,2024-06-14
"CL012","M01333","Sales",12,2024-03-14
"CL012","M01334","Finance",12,2024-01-22
"CL003","M01335","Marketing",8,2024-10-11
"CL003","M01336","HR",8,2024-09-19
"CL008","M01337","Marketing",4,2025-01-24
"CL008","M01338","Sales",4,2024-09-07
"CL012","M01339","CS",12,2024-05-12
"CL011","M01340","HR",4,2024-12-24
"CL003","M01341","Support",8,2024-11-11
"CL007","M01342","Sales",8,2024-04-08
"CL011","M01343","HR",4,2025-01-16
"CL007","M01344","Sales",8,2024-08-11
"CL003","M01345","CS",8,2024-12-21
"CL003","M01346","HR",8,2025-01-20
"CL001","M01347","Ops",8,2024-05-10
"CL008","M01348","HR",4,2024-12-31
"CL011","M01349","CS",4,2024-11-18
"CL003","M01350","CS",8,2025-01-17
"CL008","M01351","Engineering",4,2025-02-02
"CL002","M01352","HR",8,2024-08-05
"CL012","M01353","Sales",12,2024-06-25
"CL006","M01354","HR",8,2024-04-21
"CL012","M01355","Ops",12,2024-04-19
"CL006","M01356","HR",8,2024-04-23
"CL001","M01357","Sales",8,2024-02-12
"CL003","M01358","Finance",8,2024-09-12
"CL011","M01359","Support",4,2024-09-30
"CL008","M01360","Sales",4,2024-08-15
"CL012","M01361","HR",12,2024-02-15
"CL001","M01362","Ops",8,2024-01-26
"CL011","M01363","Finance",4,2025-01-18
"CL005","M01364","Engineering",12,2024-06-16
"CL008","M01365","Support",4,2024-12-20
"CL012","M01366","CS",12,2024-01-17
"CL004","M01367","CS",12,2024-11-02
"CL008","M01368","HR",4,2025-03-02
"CL001","M01369","Ops",8,2024-01-26
"CL012","M01370","Marketing",12,2024-06-29
"CL001","M01371","Sales",8,2024-05-06
"CL003","M01372","Ops",8,2024-10-03
"CL005","M01373","Ops",12,2024-09-11
"CL012","M01374","Engineering",12,2024-06-24
"CL005","M01375","HR",12,2024-10-24
"CL012","M01376","Ops",12,2024-04-23
"CL012","M01377","Support",12,2024-07-11
"CL005","M01378","CS",12,2024-05-29
"CL012","M01379","Marketing",12,2024-07-16
"CL012","M01380","Marketing",12,2024-03-17
"CL003","M01381","Ops",8,2025-01-23
"CL012","M01382","Engineering",12,2024-02-02
"CL012","M01383","Sales",12,2024-02-18
"CL003","M01384","Sales",8,2025-02-19
"CL003","M01385","Support",8,2024-08-06
"CL003","M01386","Engineering",8,2024-11-30
"CL008","M01387","Finance",4,2024-09-27
"CL012","M01388","Ops",12,2024-01-17
"CL004","M01389","Ops",12,2024-12-01
"CL007","M01390","Support",8,2024-05-18
"CL003","M01391","Engineering",8,2025-02-10
"CL001","M01392","Marketing",8,2024-05-05
"CL011","M01393","HR",4,2025-03-22
"CL003","M01394","Sales",8,2024-10-11
"CL012","M01395","Finance",12,2024-07-16
"CL011","M01396","HR",4,2024-12-27
"CL003","M01397","HR",8,2024-10-22
"CL004","M01398","Engineering",12,2024-11-20
"CL007","M01399","Sales",8,2024-09-06
"CL003","M01400","Finance",8,2024-10-07
"CL004","M01401","Support",12,2024-09-05
"CL004","M01402","Marketing",12,2024-07-18
"CL011","M01403","CS",4,2024-09-09
"CL003","M01404","Sales",8,2024-11-11
"CL003","M01405","CS",8,2024-08-17
"CL012","M01406","Engineering",12,2024-05-27
"CL003","M01407","Support",8,2024-11-02
"CL012","M01408","Support",12,2024-04-22
"CL007","M01409","Sales",8,2024-09-05
"CL005","M01410","Sales",12,2024-11-10
"CL005","M01411","Ops",12,2024-10-31
"CL012","M01412","Sales",12,2024-01-22
"CL012","M01413","Sales",12,2024-07-19
"CL001","M01414","HR",8,2024-02-21
"CL012","M01415","HR",12,2024-05-05
"CL008","M01416","Engineering",4,2024-09-12
"CL006","M01417","Support",8,2024-07-15
"CL001","M01418","Sales",8,2024-03-09
"CL003","M01419","Finance",8,2024-12-29
"CL008","M01420","Finance",4,2024-12-23
"CL003","M01421","Finance",8,2024-12-15
"CL012","M01422","Finance",12,2024-01-12
"CL003","M01423","Marketing",8,2025-02-18
"CL003","M01424","Ops",8,2024-11-23
"CL001","M01425","HR",8,2024-02-08
"CL003","M01426","Ops",8,2024-08-17
"CL012","M01427","CS",12,2024-03-13
"CL003","M01428","Finance",8,2024-09-15
"CL006","M01429","Sales",8,2024-02-29
"CL012","M01430","Marketing",12,2024-07-10
"CL010","M01431","Sales",4,2024-06-09
"CL001","M01432","Engineering",8,2024-02-03
"CL012","M01433","Finance",12,2024-01-08
"CL007","M01434","Support",8,2024-05-15
"CL012","M01435","Ops",12,2024-07-08
"CL001","M01436","Marketing",8,2024-04-19
"CL001","M01437","Marketing",8,2024-01-14
"CL012","M01438","Engineering",12,2024-04-26
"CL011","M01439","Marketing",4,2025-01-15
"CL003","M01440","Ops",8,2024-08-08
"CL012","M01441","Finance",12,2024-01-31
"CL002","M01442","Sales",8,2024-09-17
"CL002","M01443","Support",8,2024-11-24
"CL012","M01444","Sales",12,2024-07-07
"CL004","M01445","Ops",12,2024-09-30
"CL012","M01446","Ops",12,2024-02-11
"CL002","M01447","Support",8,2024-08-19
"CL003","M01448","Marketing",8,2024-11-23
"CL003","M01449","HR",8,2024-11-26
"CL003","M01450","Marketing",8,2024-10-25
"CL012","M01451","Sales",12,2024-05-17
"CL009","M01452","Marketing",4,2024-03-04
"CL003","M01453","Marketing",8,2024-08-29
"CL003","M01454","Finance",8,2024-10-11
"CL012","M01455","Engineering",12,2024-04-01
"CL005","M01456","Marketing",12,2024-06-22
"CL003","M01457","Marketing",8,2025-01-24
"CL006","M01458","Marketing",8,2024-04-06
"CL007","M01459","Finance",8,2024-07-26
"CL011","M01460","CS",4,2024-12-22
"CL003","M01461","Marketing",8,2024-10-02
"CL001","M01462","Support",8,2024-07-08
"CL001","M01463","Marketing",8,2024-05-25
"CL005","M01464","Ops",12,2024-08-30
"CL001","M01465","Sales",8,2024-06-27
"CL003","M01466","Support",8,2024-09-10
"CL010","M01467","Finance",4,2024-03-21
"CL003","M01468","Engineering",8,2024-08-16
"CL003","M01469","HR",8,2024-09-14
"CL011","M01470","Support",4,2024-10-12
"CL007","M01471","CS",8,2024-04-23
"CL011","M01472","Ops",4,2024-10-27
"CL012","M01473","Marketing",12,2024-05-25
"CL012","M01474","Ops",12,2024-04-22
"CL011","M01475","Engineering",4,2024-12-11
"CL003","M01476","Finance",8,2024-11-12
"CL008","M01477","Support",4,2024-12-23
"CL003","M01478","Marketing",8,2024-10-28
"CL012","M01479","Support",12,2024-02-23
"CL012","M01480","Engineering",12,2024-07-11
"CL004","M01481","Support",12,2024-12-12
"CL002","M01482","Marketing",8,2024-09-15
"CL001","M01483","CS",8,2024-05-03
"CL002","M01484","Finance",8,2024-09-11
"CL007","M01485","Ops",8,2024-03-23
"CL003","M01486","Ops",8,2025-01-03
"CL001","M01487","Engineering",8,2024-02-18
"CL012","M01488","Support",12,2024-01-15
"CL003","M01489","Marketing",8,2024-11-18
"CL006","M01490","Engineering",8,2024-03-22
"CL003","M01491","Support",8,2025-02-11
"CL003","M01492","Sales",8,2024-11-07
"CL008","M01493","Marketing",4,2025-01-30
"CL003","M01494","CS",8,2024-12-10
"CL008","M01495","Sales",4,2024-09-05
"CL003","M01496","Engineering",8,2025-01-06
"CL007","M01497","Marketing",8,2024-10-02
"CL004","M01498","Sales",12,2024-07-03
"CL008","M01499","Ops",4,2025-01-28
"CL003","M01500","Ops",8,2024-12-11
"CL003","M01501","Engineering",8,2024-10-30
"CL011","M01502","Marketing",4,2024-10-15
"CL003","M01503","Ops",8,2024-11-14
"CL001","M01504","HR",8,2024-06-30
"CL008","M01505","CS",4,2024-12-11
"CL012","M01506","Finance",12,2024-03-12
"CL001","M01507","HR",8,2024-04-24
"CL003","M01508","Sales",8,2024-08-22
"CL005","M01509","Marketing",12,2024-06-11
"CL003","M01510","Sales",8,2024-09-22
"CL006","M01511","Finance",8,2024-02-19
"CL012","M01512","CS",12,2024-02-15
"CL008","M01513","Finance",4,2024-12-05
"CL001","M01514","CS",8,2024-05-07
"CL006","M01515","Marketing",8,2024-05-28
"CL012","M01516","Marketing",12,2024-04-02
"CL003","M01517","HR",8,2024-12-14
"CL012","M01518","Finance",12,2024-06-23
"CL005","M01519","Engineering",12,2024-11-03
"CL012","M01520","CS",12,2024-04-07
"CL005","M01521","Marketing",12,2024-10-16
"CL012","M01522","Marketing",12,2024-06-28
"CL005","M01523","Finance",12,2024-08-09
"CL003","M01524","Support",8,2025-01-10
"CL012","M01525","Marketing",12,2024-03-20
"CL011","M01526","HR",4,2024-11-30
"CL006","M01527","CS",8,2024-06-28
"CL011","M01528","Ops",4,2025-01-24
"CL010","M01529","Ops",4,2024-05-02
"CL003","M01530","Sales",8,2024-08-10
"CL005","M01531","Engineering",12,2024-08-08
"CL008","M01532","Engineering",4,2024-09-02
"CL001","M01533","Finance",8,2024-06-27
"CL008","M01534","Finance",4,2025-02-20
"CL003","M01535","Finance",8,2024-10-17
"CL008","M01536","Sales",4,2024-11-28
"CL011","M01537","Ops",4,2024-09-17
"CL012","M01538","Marketing",12,2024-05-06
"CL003","M01539","Sales",8,2025-01-17
"CL005","M01540","Engineering",12,2024-09-24
"CL011","M01541","Ops",4,2024-11-20
"CL006","M01542","Support",8,2024-05-10
"CL007","M01543","CS",8,2024-06-24
"CL001","M01544","HR",8,2024-02-09
"CL009","M01545","Marketing",4,2024-06-12
"CL004","M01546","HR",12,2024-08-13
"CL009","M01547","Marketing",4,2024-05-03
"CL005","M01548","Ops",12,2024-08-16
"CL003","M01549","Engineering",8,2024-10-26
"CL012","M01550","Marketing",12,2024-05-29
"CL001","M01551","Engineering",8,2024-02-10
"CL003","M01552","Support",8,2024-12-26
"CL001","M01553","CS",8,2024-05-24
"CL007","M01554","Finance",8,2024-07-02
"CL011","M01555","Sales",4,2025-03-23
"CL003","M01556","CS",8,2025-01-01
"CL003","M01557","Finance",8,2024-08-10
"CL001","M01558","Ops",8,2024-04-13
"CL003","M01559","Support",8,2024-12-09
"CL001","M01560","Sales",8,2024-05-06
"CL001","M01561","Ops",8,2024-07-05
"CL012","M01562","CS",12,2024-04-23
"CL008","M01563","CS",4,2024-09-20
"CL002","M01564","HR",8,2024-08-11
"CL003","M01565","HR",8,2024-11-10
"CL011","M01566","Engineering",4,2024-12-06
"CL006","M01567","CS",8,2024-02-21
"CL001","M01568","HR",8,2024-02-04
"CL012","M01569","Ops",12,2024-06-24
"CL005","M01570","CS",12,2024-10-13
"CL003","M01571","Ops",8,2024-09-07
"CL008","M01572","Marketing",4,2024-11-13
"CL012","M01573","Support",12,2024-03-29
"CL008","M01574","Support",4,2024-10-16
"CL012","M01575","Finance",12,2024-03-28
"CL001","M01576","Ops",8,2024-07-28
"CL006","M01577","Ops",8,2024-03-10
"CL008","M01578","Finance",4,2024-09-05
"CL001","M01579","Sales",8,2024-07-15
"CL011","M01580","CS",4,2024-10-16
"CL012","M01581","CS",12,2024-02-15
"CL003","M01582","Support",8,2024-08-22
"CL003","M01583","Engineering",8,2024-11-10
"CL008","M01584","Engineering",4,2024-11-28
"CL003","M01585","Sales",8,2024-09-23
"CL003","M01586","Ops",8,2025-02-04
"CL003","M01587","Support",8,2024-12-27
"CL011","M01588","Ops",4,2024-10-20
"CL008","M01589","Engineering",4,2025-01-02
"CL006","M01590","CS",8,2024-03-05
"CL011","M01591","Ops",4,2024-10-02
"CL003","M01592","Ops",8,2025-02-04
"CL007","M01593","Marketing",8,2024-06-14
"CL003","M01594","CS",8,2024-11-16
"CL011","M01595","Support",4,2025-01-21
"CL006","M01596","HR",8,2024-04-30
"CL001","M01597","Marketing",8,2024-06-05
"CL012","M01598","CS",12,2024-06-13
"CL003","M01599","Sales",8,2025-01-24
"CL003","M01600","Finance",8,2024-10-14
"CL005","M01601","Finance",12,2024-05-16
"CL003","M01602","Ops",8,2024-12-30
"CL012","M01603","Engineering",12,2024-01-11
"CL010","M01604","Sales",4,2024-03-28
"CL001","M01605","CS",8,2024-05-11
"CL012","M01606","CS",12,2024-07-05
"CL001","M01607","Finance",8,2024-03-10
"CL011","M01608","Ops",4,2025-01-23
"CL003","M01609","Support",8,2024-12-13
"CL011","M01610","Finance",4,2024-12-26
"CL002","M01611","HR",8,2024-08-23
"CL003","M01612","Finance",8,2024-12-05
"CL011","M01613","Marketing",4,2024-12-17
"CL012","M01614","HR",12,2024-06-04
"CL003","M01615","Sales",8,2025-01-24
"CL003","M01616","Support",8,2024-08-30
"CL006","M01617","Support",8,2024-04-16
"CL003","M01618","CS",8,2024-10-13
"CL012","M01619","Support",12,2024-03-16
"CL008","M01620","Marketing",4,2025-03-01
"CL003","M01621","Marketing",8,2024-09-26
"CL011","M01622","Finance",4,2024-12-15
"CL001","M01623","Engineering",8,2024-07-22
"CL003","M01624","Marketing",8,2025-02-19
"CL005","M01625","Marketing",12,2024-10-19
"CL006","M01626","HR",8,2024-07-14
"CL012","M01627","Marketing",12,2024-06-15
"CL001","M01628","Finance",8,2024-03-03
"CL009","M01629","Support",4,2024-07-12
"CL003","M01630","Sales",8,2024-12-12
"CL008","M01631","CS",4,2025-02-28
"CL008","M01632","Support",4,2024-10-02
"CL008","M01633","CS",4,2025-01-24
"CL012","M01634","Engineering",12,2024-03-19
"CL006","M01635","CS",8,2024-03-09
"CL003","M01636","Engineering",8,2024-11-06
"CL005","M01637","Support",12,2024-11-22
"CL011","M01638","Support",4,2025-03-06
"CL003","M01639","Sales",8,2025-01-03
"CL003","M01640","Engineering",8,2024-09-03
"CL003","M01641","Ops",8,2024-09-30
"CL003","M01642","Engineering",8,2024-10-13
"CL005","M01643","Finance",12,2024-11-02
"CL006","M01644","Marketing",8,2024-08-02
"CL008","M01645","Engineering",4,2025-02-13
"CL003","M01646","HR",8,2024-08-07
"CL002","M01647","Support",8,2024-11-15
"CL008","M01648","Finance",4,2024-08-26
"CL008","M01649","CS",4,2024-10-06
"CL012","M01650","Engineering",12,2024-04-21
"CL011","M01651","Engineering",4,2025-01-17
"CL006","M01652","Sales",8,2024-04-22
"CL002","M01653","HR",8,2024-08-15
"CL003","M01654","CS",8,2025-01-23
"CL005","M01655","Engineering",12,2024-11-30
"CL011","M01656","Sales",4,2024-09-16
"CL003","M01657","Sales",8,2024-12-24
"CL009","M01658","Marketing",4,2024-04-04
"CL012","M01659","Marketing",12,2024-03-17
"CL011","M01660","Support",4,2024-12-27
"CL006","M01661","Ops",8,2024-05-12
"CL003","M01662","Marketing",8,2024-10-22
"CL009","M01663","Marketing",4,2024-08-13
"CL001","M01664","Finance",8,2024-07-15
"CL012","M01665","CS",12,2024-05-18
"CL006","M01666","Sales",8,2024-03-28
"CL011","M01667","Ops",4,2024-10-31
"CL010","M01668","Support",4,2024-03-13
"CL011","M01669","Sales",4,2024-12-15
"CL008","M01670","Ops",4,2024-12-24
"CL008","M01671","HR",4,2024-10-10
"CL008","M01672","HR",4,2024-12-08
"CL012","M01673","Sales",12,2024-06-23
"CL009","M01674","CS",4,2024-05-17
"CL003","M01675","HR",8,2025-02-05
"CL003","M01676","Engineering",8,2024-08-11
"CL004","M01677","Sales",12,2024-08-27
"CL003","M01678","HR",8,2024-11-02
"CL012","M01679","Finance",12,2024-05-23
"CL012","M01680","Engineering",12,2024-05-24
"CL003","M01681","Finance",8,2024-11-25
"CL003","M01682","Engineering",8,2025-02-19
"CL012","M01683","Marketing",12,2024-04-09
"CL012","M01684","Support",12,2024-03-09
"CL010","M01685","Support",4,2024-01-23
"CL003","M01686","Engineering",8,2024-12-15
"CL001","M01687","HR",8,2024-07-03
"CL003","M01688","Support",8,2024-11-05
"CL010","M01689","CS",4,2024-02-25
"CL004","M01690","Marketing",12,2024-11-12
"CL009","M01691","Ops",4,2024-08-03
"CL012","M01692","CS",12,2024-03-26
"CL006","M01693","Sales",8,2024-05-10
"CL001","M01694","HR",8,2024-02-24
"CL008","M01695","Support",4,2025-01-17
"CL009","M01696","CS",4,2024-08-02
"CL007","M01697","Support",8,2024-07-01
"CL002","M01698","Marketing",8,2024-12-15
"CL008","M01699","Sales",4,2025-01-26
"CL011","M01700","HR",4,2025-01-22
"CL003","M01701","Engineering",8,2024-12-25
"CL011","M01702","Support",4,2024-09-09
"CL008","M01703","HR",4,2025-01-13
"CL008","M01704","HR",4,2025-01-03
"CL003","M01705","Engineering",8,2025-02-11
"CL006","M01706","HR",8,2024-04-25
"CL008","M01707","Engineering",4,2024-08-14
"CL003","M01708","Engineering",8,2025-02-10
"CL003","M01709","CS",8,2024-08-27
"CL005","M01710","CS",12,2024-09-14
"CL012","M01711","Support",12,2024-04-19
"CL003","M01712","Engineering",8,2024-12-16
"CL012","M01713","Marketing",12,2024-04-28
"CL007","M01714","CS",8,2024-06-08
"CL011","M01715","Finance",4,2024-11-06
"CL006","M01716","HR",8,2024-04-14
"CL003","M01717","Engineering",8,2025-02-07
"CL005","M01718","Ops",12,2024-10-12
"CL011","M01719","Support",4,2024-10-14
"CL011","M01720","Support",4,2025-01-06
"CL008","M01721","Sales",4,2024-08-23
"CL007","M01722","HR",8,2024-05-26
"CL011","M01723","Engineering",4,2024-12-06
"CL012","M01724","Finance",12,2024-02-09
"CL010","M01725","Marketing",4,2024-02-04
"CL011","M01726","CS",4,2024-10-17
"CL003","M01727","Ops",8,2025-02-09
"CL003","M01728","CS",8,2024-11-18
"CL003","M01729","CS",8,2024-08-29
"CL001","M01730","HR",8,2024-02-13
"CL002","M01731","Marketing",8,2024-09-30
"CL001","M01732","Ops",8,2024-05-09
"CL003","M01733","Engineering",8,2025-01-15
"CL012","M01734","Ops",12,2024-02-21
"CL007","M01735","CS",8,2024-07-13
"CL009","M01736","Marketing",4,2024-05-04
"CL003","M01737","Sales",8,2024-09-20
"CL007","M01738","Support",8,2024-08-13
"CL003","M01739","Finance",8,2025-01-18
"CL003","M01740","Finance",8,2024-11-22
"CL001","M01741","Support",8,2024-02-22
"CL012","M01742","Marketing",12,2024-05-20
"CL007","M01743","Engineering",8,2024-04-08
"CL005","M01744","CS",12,2024-06-22
"CL003","M01745","Support",8,2024-12-12
"CL001","M01746","CS",8,2024-04-17
"CL012","M01747","Marketing",12,2024-06-12
"CL012","M01748","Finance",12,2024-02-08
"CL003","M01749","Sales",8,2024-12-16
"CL006","M01750","Ops",8,2024-05-13
"CL006","M01751","Ops",8,2024-07-09
"CL002","M01752","HR",8,2025-01-29
"CL010","M01753","Marketing",4,2024-06-26
"CL012","M01754","CS",12,2024-05-05
"CL003","M01755","Finance",8,2025-01-22
"CL007","M01756","Marketing",8,2024-04-14
"CL002","M01757","Sales",8,2024-10-16
"CL006","M01758","Finance",8,2024-02-28
"CL006","M01759","Sales",8,2024-07-20
"CL012","M01760","Ops",12,2024-03-21
"CL003","M01761","Finance",8,2025-01-23
"CL012","M01762","Finance",12,2024-03-28
"CL011","M01763","Support",4,2024-09-19
"CL005","M01764","Marketing",12,2024-09-14
"CL003","M01765","Sales",8,2024-09-05
"CL005","M01766","Finance",12,2024-08-20
"CL001","M01767","Marketing",8,2024-04-07
"CL003","M01768","CS",8,2025-01-01
"CL001","M01769","Sales",8,2024-06-06
"CL003","M01770","Sales",8,2024-09-20
"CL012","M01771","HR",12,2024-04-11
"CL003","M01772","Engineering",8,2024-10-09
"CL001","M01773","Sales",8,2024-02-04
"CL012","M01774","Marketing",12,2024-03-29
"CL012","M01775","CS",12,2024-04-16
"CL003","M01776","HR",8,2025-01-18
"CL002","M01777","Finance",8,2025-02-02
"CL002","M01778","HR",8,2024-12-29
"CL008","M01779","Ops",4,2025-01-20
"CL009","M01780","Finance",4,2024-07-27
"CL008","M01781","Ops",4,2024-09-24
"CL007","M01782","Ops",8,2024-06-01
"CL003","M01783","CS",8,2024-10-15
"CL003","M01784","Engineering",8,2025-01-07
"CL012","M01785","Ops",12,2024-04-29
"CL001","M01786","Finance",8,2024-07-23
"CL012","M01787","Support",12,2024-07-05
"CL003","M01788","HR",8,2025-02-20
"CL012","M01789","Sales",12,2024-06-18
"CL011","M01790","Finance",4,2024-10-21
"CL011","M01791","Finance",4,2025-01-18
"CL009","M01792","HR",4,2024-06-28
"CL003","M01793","Support",8,2024-11-02
"CL008","M01794","Sales",4,2025-03-01
"CL003","M01795","HR",8,2024-08-08
"CL012","M01796","Ops",12,2024-04-25
"CL011","M01797","CS",4,2025-03-17
"CL008","M01798","Support",4,2024-12-23
"CL009","M01799","CS",4,2024-06-09
"CL003","M01800","Marketing",8,2024-10-10
"CL012","M01801","CS",12,2024-04-09
"CL001","M01802","Marketing",8,2024-02-22
"CL001","M01803","HR",8,2024-04-04
"CL004","M01804","Sales",12,2024-10-26
"CL006","M01805","HR",8,2024-06-12
"CL003","M01806","CS",8,2024-11-02
"CL003","M01807","CS",8,2024-10-27
"CL009","M01808","Sales",4,2024-07-23
"CL002","M01809","Marketing",8,2024-12-08
"CL003","M01810","CS",8,2024-09-14
"CL003","M01811","Support",8,2025-01-08
"CL012","M01812","Engineering",12,2024-02-26
"CL010","M01813","Engineering",4,2024-04-19
"CL012","M01814","Finance",12,2024-03-09
"CL001","M01815","Finance",8,2024-07-04
"CL006","M01816","Finance",8,2024-08-01
"CL003","M01817","Finance",8,2024-11-23
"CL012","M01818","CS",12,2024-02-23
"CL002","M01819","Finance",8,2024-12-29
"CL009","M01820","Marketing",4,2024-01-27
"CL012","M01821","Support",12,2024-07-18
"CL012","M01822","Ops",12,2024-02-13
"CL008","M01823","Support",4,2024-09-29
"CL003","M01824","Ops",8,2024-08-13
"CL003","M01825","Finance",8,2024-11-17
"CL003","M01826","HR",8,2025-01-24
"CL003","M01827","Engineering",8,2024-08-22
"CL004","M01828","Sales",12,2024-06-05
"CL001","M01829","Support",8,2024-06-25
"CL001","M01830","Engineering",8,2024-04-11
"CL005","M01831","CS",12,2024-10-19
"CL006","M01832","Ops",8,2024-05-01
"CL006","M01833","Ops",8,2024-06-18
"CL004","M01834","Marketing",12,2024-09-23
"CL011","M01835","Marketing",4,2025-01-05
"CL012","M01836","HR",12,2024-03-12
"CL001","M01837","Support",8,2024-05-20
"CL008","M01838","Sales",4,2025-01-28
"CL002","M01839","Finance",8,2024-09-29
"CL005","M01840","CS",12,2024-08-08
"CL008","M01841","Support",4,2024-10-14
"CL003","M01842","Ops",8,2025-01-20
"CL011","M01843","Support",4,2025-02-20
"CL003","M01844","Support",8,2024-09-18
"CL007","M01845","Engineering",8,2024-08-11
"CL007","M01846","Finance",8,2024-06-05
"CL011","M01847","Marketing",4,2024-09-13
"CL012","M01848","HR",12,2024-04-18
"CL003","M01849","CS",8,2025-01-23
"CL002","M01850","Support",8,2024-10-13
"CL008","M01851","Ops",4,2024-09-22
"CL003","M01852","Marketing",8,2024-10-18
"CL012","M01853","Sales",12,2024-02-15
"CL006","M01854","Sales",8,2024-06-23
"CL001","M01855","Sales",8,2024-03-24
"CL008","M01856","HR",4,2024-11-16
"CL012","M01857","CS",12,2024-04-20
"CL004","M01858","HR",12,2024-09-29
"CL012","M01859","HR",12,2024-03-28
"CL004","M01860","HR",12,2024-12-09
"CL006","M01861","Marketing",8,2024-04-24
"CL005","M01862","Sales",12,2024-06-26
"CL006","M01863","Finance",8,2024-03-05
"CL005","M01864","Finance",12,2024-07-13
"CL008","M01865","Sales",4,2025-02-22
"CL001","M01866","HR",8,2024-05-31
"CL003","M01867","CS",8,2025-01-17
"CL006","M01868","Ops",8,2024-06-25
"CL005","M01869","Finance",12,2024-06-06
"CL003","M01870","Marketing",8,2025-01-13
"CL006","M01871","Support",8,2024-08-08
"CL003","M01872","Support",8,2024-12-14
"CL012","M01873","Ops",12,2024-05-24
"CL007","M01874","Finance",8,2024-05-13
"CL005","M01875","Sales",12,2024-06-28
"CL003","M01876","Support",8,2025-01-27
"CL003","M01877","Marketing",8,2024-11-26
"CL003","M01878","CS",8,2025-01-24
"CL006","M01879","CS",8,2024-02-28
"CL005","M01880","Sales",12,2024-11-23
"CL003","M01881","Sales",8,2024-10-21
"CL011","M01882","Finance",4,2024-09-28
"CL003","M01883","Support",8,2024-10-14
"CL009","M01884","Finance",4,2024-05-04
"CL003","M01885","Support",8,2024-12-25
"CL012","M01886","Engineering",12,2024-07-08
"CL005","M01887","CS",12,2024-11-04
"CL006","M01888","Sales",8,2024-07-03
"CL006","M01889","Sales",8,2024-02-21
"CL001","M01890","Ops",8,2024-05-22
"CL008","M01891","Finance",4,2024-10-23
"CL001","M01892","Ops",8,2024-05-24
"CL003","M01893","Engineering",8,2024-10-20
"CL003","M01894","Engineering",8,2024-08-05
"CL008","M01895","Finance",4,2024-12-14
"CL003","M01896","CS",8,2024-10-13
"CL004","M01897","Ops",12,2024-09-28
"CL003","M01898","Ops",8,2025-02-16
"CL001","M01899","Finance",8,2024-02-19
"CL010","M01900","Finance",4,2024-07-16
"CL002","M01901","Engineering",8,2024-08-10
"CL003","M01902","Support",8,2024-08-18
"CL005","M01903","Support",12,2024-08-06
"CL003","M01904","Finance",8,2025-02-08
"CL007","M01905","Ops",8,2024-09-25
"CL001","M01906","Finance",8,2024-03-14
"CL003","M01907","Ops",8,2024-11-04
"CL003","M01908","HR",8,2024-11-23
"CL012","M01909","Sales",12,2024-01-10
"CL005","M01910","Marketing",12,2024-07-10
"CL009","M01911","Sales",4,2024-07-12
"CL008","M01912","Finance",4,2025-01-10
"CL005","M01913","HR",12,2024-11-28
"CL006","M01914","Ops",8,2024-03-03
"CL005","M01915","Finance",12,2024-09-26
"CL001","M01916","HR",8,2024-02-20
"CL012","M01917","Ops",12,2024-03-21
"CL008","M01918","Marketing",4,2024-10-11
"CL002","M01919","Engineering",8,2024-12-01
"CL012","M01920","Marketing",12,2024-03-11
"CL002","M01921","Marketing",8,2024-11-26
"CL009","M01922","Engineering",4,2024-04-16
"CL012","M01923","HR",12,2024-02-08
"CL003","M01924","Support",8,2024-12-02
"CL012","M01925","Finance",12,2024-05-08
"CL001","M01926","Ops",8,2024-02-07
"CL008","M01927","Marketing",4,2024-12-25
"CL003","M01928","Engineering",8,2025-01-06
"CL010","M01929","Finance",4,2024-07-09
"CL011","M01930","Marketing",4,2024-09-12
"CL006","M01931","Ops",8,2024-08-11
"CL003","M01932","Finance",8,2024-09-11
"CL003","M01933","Marketing",8,2024-11-23
"CL001","M01934","Sales",8,2024-04-03
"CL011","M01935","CS",4,2025-01-16
"CL005","M01936","Ops",12,2024-11-16
"CL011","M01937","HR",4,2024-10-10
"CL001","M01938","Sales",8,2024-02-03
"CL005","M01939","Sales",12,2024-07-28
"CL012","M01940","Finance",12,2024-02-08
"CL002","M01941","Support",8,2024-07-23
"CL006","M01942","Marketing",8,2024-05-14
"CL001","M01943","Ops",8,2024-01-20
"CL002","M01944","Finance",8,2024-08-02
"CL001","M01945","Sales",8,2024-07-10
"CL003","M01946","Marketing",8,2024-10-27
"CL001","M01947","Marketing",8,2024-06-14
"CL003","M01948","Finance",8,2024-10-01
"CL005","M01949","HR",12,2024-09-22
"CL001","M01950","Ops",8,2024-05-12
"CL006","M01951","Marketing",8,2024-08-15
"CL002","M01952","Support",8,2024-09-17
"CL003","M01953","CS",8,2024-08-06
"CL012","M01954","Engineering",12,2024-03-10
"CL011","M01955","Finance",4,2024-11-19
"CL005","M01956","Marketing",12,2024-07-14
"CL003","M01957","Sales",8,2024-11-08
"CL003","M01958","CS",8,2024-11-27
"CL012","M01959","Marketing",12,2024-03-19
"CL003","M01960","Marketing",8,2024-12-26
"CL003","M01961","Support",8,2024-08-15
"CL003","M01962","Finance",8,2024-09-23
"CL003","M01963","Engineering",8,2024-10-16
"CL007","M01964","Sales",8,2024-06-19
"CL004","M01965","Engineering",12,2024-08-05
"CL003","M01966","CS",8,2024-12-22
"CL001","M01967","Engineering",8,2024-03-27
"CL003","M01968","HR",8,2025-02-10
"CL008","M01969","Marketing",4,2024-09-12
"CL003","M01970","HR",8,2024-11-21
"CL012","M01971","Sales",12,2024-02-23
"CL006","M01972","Finance",8,2024-05-02
"CL003","M01973","Finance",8,2024-11-28
"CL012","M01974","Ops",12,2024-05-12
"CL004","M01975","Ops",12,2024-07-18
"CL012","M01976","Ops",12,2024-05-05
"CL008","M01977","HR",4,2024-08-15
"CL006","M01978","Ops",8,2024-03-08
"CL002","M01979","Sales",8,2024-11-04
"CL003","M01980","Engineering",8,2025-02-11
"CL007","M01981","HR",8,2024-04-11
"CL006","M01982","Sales",8,2024-03-23
"CL009","M01983","CS",4,2024-03-06
"CL012","M01984","Sales",12,2024-04-19
"CL003","M01985","Ops",8,2024-10-28
"CL005","M01986","Ops",12,2024-05-17
"CL003","M01987","Marketing",8,2024-08-30
"CL003","M01988","Marketing",8,2024-11-04
"CL005","M01989","Engineering",12,2024-10-04
"CL003","M01990","Ops",8,2024-11-05
"CL003","M01991","CS",8,2024-08-29
"CL002","M01992","Finance",8,2024-07-21
"CL008","M01993","Finance",4,2024-11-06
"CL004","M01994","Support",12,2024-06-25
"CL009","M01995","Marketing",4,2024-04-28
"CL003","M01996","Marketing",8,2024-12-25
"CL012","M01997","Support",12,2024-07-05
"CL009","M01998","Finance",4,2024-07-20
"CL005","M01999","CS",12,2024-11-28
"CL010","M02000","HR",4,2024-01-09
"CL011","M02001","Marketing",4,2024-10-29
"CL003","M02002","Marketing",8,2025-01-28
"CL003","M02003","Finance",8,2025-02-19
"CL003","M02004","Engineering",8,2025-01-08
"CL003","M02005","Engineering",8,2024-11-16
"CL012","M02006","CS",12,2024-03-15
"CL001","M02007","HR",8,2024-02-26
"CL009","M02008","Engineering",4,2024-03-05
"CL012","M02009","HR",12,2024-07-04
"CL001","M02010","Finance",8,2024-01-10
"CL012","M02011","Support",12,2024-05-15
"CL012","M02012","Sales",12,2024-07-16
"CL002","M02013","Marketing",8,2025-01-10
"CL002","M02014","Marketing",8,2024-10-13
"CL005","M02015","Ops",12,2024-09-13
"CL003","M02016","Finance",8,2025-01-26
"CL011","M02017","Finance",4,2024-11-18
"CL001","M02018","Sales",8,2024-05-06
"CL012","M02019","Support",12,2024-07-11
"CL008","M02020","Sales",4,2024-12-15
"CL001","M02021","Support",8,2024-07-09
"CL009","M02022","CS",4,2024-05-25
"CL003","M02023","Marketing",8,2024-09-16
"CL001","M02024","HR",8,2024-07-07
"CL003","M02025","Finance",8,2024-09-27
"CL012","M02026","Finance",12,2024-02-09
"CL007","M02027","Finance",8,2024-09-06
"CL001","M02028","Finance",8,2024-01-17
"CL012","M02029","HR",12,2024-04-25
"CL011","M02030","Sales",4,2025-01-20
"CL003","M02031","Engineering",8,2024-11-11
"CL002","M02032","Finance",8,2025-01-21
"CL011","M02033","Support",4,2024-12-29
"CL006","M02034","Sales",8,2024-08-10
"CL006","M02035","Engineering",8,2024-07-03
"CL012","M02036","Finance",12,2024-06-15
"CL011","M02037","HR",4,2024-09-30
"CL003","M02038","Engineering",8,2024-09-24
"CL005","M02039","Engineering",12,2024-07-27
"CL001","M02040","Sales",8,2024-02-16
"CL003","M02041","Marketing",8,2025-02-02
"CL008","M02042","Ops",4,2024-09-04
"CL012","M02043","Engineering",12,2024-02-04
"CL003","M02044","Engineering",8,2025-02-07
"CL001","M02045","Finance",8,2024-07-19
"CL012","M02046","Marketing",12,2024-03-07
"CL001","M02047","Engineering",8,2024-03-24
"CL012","M02048","Finance",12,2024-01-03
"CL008","M02049","Sales",4,2024-10-10
"CL002","M02050","CS",8,2024-11-14
"CL001","M02051","HR",8,2024-02-16
"CL011","M02052","Sales",4,2025-02-11
"CL012","M02053","Sales",12,2024-04-08
"CL005","M02054","HR",12,2024-10-14
"CL008","M02055","Finance",4,2024-09-06
"CL009","M02056","Finance",4,2024-03-05
"CL012","M02057","HR",12,2024-02-10
"CL005","M02058","HR",12,2024-11-01
"CL005","M02059","Sales",12,2024-08-15
"CL003","M02060","Engineering",8,2024-10-23
"CL003","M02061","Finance",8,2024-11-12
"CL008","M02062","Support",4,2024-10-22
"CL008","M02063","Finance",4,2025-02-04
"CL003","M02064","CS",8,2024-10-15
"CL003","M02065","Engineering",8,2024-09-14
"CL008","M02066","HR",4,2025-02-19
"CL007","M02067","CS",8,2024-07-10
"CL004","M02068","Engineering",12,2024-12-15
"CL009","M02069","Ops",4,2024-02-26
"CL012","M02070","Marketing",12,2024-04-25
"CL003","M02071","Finance",8,2025-02-12
"CL008","M02072","Ops",4,2024-09-02
"CL004","M02073","Finance",12,2024-10-15
"CL006","M02074","Sales",8,2024-05-24
"CL001","M02075","Sales",8,2024-06-30
"CL008","M02076","Engineering",4,2024-11-23
"CL001","M02077","Sales",8,2024-02-08
"CL012","M02078","Ops",12,2024-01-20
"CL008","M02079","Ops",4,2024-10-24
"CL008","M02080","Sales",4,2024-12-08
"CL012","M02081","Finance",12,2024-03-16
"CL003","M02082","Support",8,2025-02-16
"CL009","M02083","HR",4,2024-05-06
"CL003","M02084","CS",8,2025-02-08
"CL001","M02085","Ops",8,2024-07-26
"CL003","M02086","HR",8,2025-01-22
"CL003","M02087","Marketing",8,2025-01-15
"CL005","M02088","Marketing",12,2024-06-29
"CL004","M02089","Support",12,2024-12-02
"CL001","M02090","Support",8,2024-03-12
"CL008","M02091","Support",4,2024-09-06
"CL003","M02092","CS",8,2025-01-10
"CL003","M02093","Marketing",8,2024-08-11
"CL008","M02094","Support",4,2024-09-20
"CL003","M02095","Support",8,2024-09-12
"CL001","M02096","Engineering",8,2024-07-25
"CL008","M02097","HR",4,2024-11-13
"CL007","M02098","Sales",8,2024-08-24
"CL003","M02099","Support",8,2025-01-25
"CL006","M02100","HR",8,2024-07-06
"CL003","M02101","HR",8,2024-12-21
"CL010","M02102","Sales",4,2024-03-31
"CL003","M02103","Support",8,2024-11-12
"CL011","M02104","Sales",4,2025-02-07
"CL012","M02105","CS",12,2024-07-14
"CL007","M02106","HR",8,2024-09-06
"CL012","M02107","Sales",12,2024-07-14
"CL012","M02108","CS",12,2024-01-30
"CL003","M02109","HR",8,2024-08-31
"CL003","M02110","Sales",8,2024-09-07
"CL003","M02111","CS",8,2025-02-14
"CL003","M02112","Sales",8,2024-10-03
"CL001","M02113","Support",8,2024-02-08
"CL009","M02114","Marketing",4,2024-01-28
"CL012","M02115","HR",12,2024-03-06
"CL007","M02116","Finance",8,2024-08-18
"CL008","M02117","CS",4,2025-02-03
"CL008","M02118","Marketing",4,2025-02-03
"CL003","M02119","HR",8,2024-08-04
"CL003","M02120","CS",8,2024-09-10
"CL003","M02121","HR",8,2025-01-20
"CL011","M02122","HR",4,2024-10-06
"CL003","M02123","Marketing",8,2024-12-08
"CL006","M02124","Finance",8,2024-05-02
"CL012","M02125","Finance",12,2024-07-04
"CL012","M02126","HR",12,2024-04-07
"CL003","M02127","CS",8,2024-12-10
"CL003","M02128","Engineering",8,2024-11-09
"CL006","M02129","Engineering",8,2024-03-23
"CL003","M02130","Ops",8,2025-02-10
"CL001","M02131","CS",8,2024-01-10
"CL011","M02132","Engineering",4,2024-12-14
"CL001","M02133","CS",8,2024-03-19
"CL003","M02134","Sales",8,2024-09-20
"CL003","M02135","Support",8,2024-12-03
"CL003","M02136","Support",8,2024-11-02
"CL003","M02137","Support",8,2024-09-28
"CL003","M02138","HR",8,2025-02-05
"CL012","M02139","HR",12,2024-06-02
"CL003","M02140","HR",8,2024-09-01
"CL011","M02141","Marketing",4,2025-01-03
"CL002","M02142","Marketing",8,2024-11-01
"CL006","M02143","Support",8,2024-04-01
"CL012","M02144","Marketing",12,2024-02-28
"CL001","M02145","Sales",8,2024-06-10
"CL012","M02146","Marketing",12,2024-05-18
"CL008","M02147","HR",4,2024-12-03
"CL012","M02148","Marketing",12,2024-05-04
"CL005","M02149","HR",12,2024-11-18
"CL011","M02150","HR",4,2025-01-23
"CL007","M02151","Support",8,2024-05-20
"CL003","M02152","Ops",8,2025-02-04
"CL003","M02153","Marketing",8,2024-10-02
"CL011","M02154","HR",4,2024-12-20
"CL002","M02155","Finance",8,2024-09-16
"CL008","M02156","Engineering",4,2025-02-17
"CL006","M02157","Marketing",8,2024-07-21
"CL001","M02158","HR",8,2024-05-10
"CL001","M02159","Ops",8,2024-02-06
"CL001","M02160","Engineering",8,2024-05-29
"CL005","M02161","Marketing",12,2024-06-06
"CL006","M02162","CS",8,2024-07-13
"CL002","M02163","HR",8,2024-11-29
"CL003","M02164","CS",8,2024-12-24
"CL003","M02165","Marketing",8,2024-08-24
"CL011","M02166","Finance",4,2025-01-10
"CL003","M02167","Sales",8,2024-09-17
"CL001","M02168","Finance",8,2024-06-25
"CL002","M02169","Ops",8,2024-09-18
"CL001","M02170","Support",8,2024-04-17
"CL007","M02171","Finance",8,2024-09-19
"CL003","M02172","Finance",8,2025-02-08
"CL003","M02173","HR",8,2024-12-22
"CL001","M02174","Sales",8,2024-06-09
"CL003","M02175","HR",8,2024-10-21
"CL005","M02176","Marketing",12,2024-07-27
"CL001","M02177","Marketing",8,2024-01-18
"CL003","M02178","Ops",8,2024-08-08
"CL003","M02179","Engineering",8,2024-09-05
"CL003","M02180","Sales",8,2024-11-22
"CL003","M02181","Support",8,2025-01-08
"CL003","M02182","Engineering",8,2024-11-27
"CL003","M02183","Finance",8,2024-09-12
"CL003","M02184","HR",8,2024-11-07
"CL006","M02185","CS",8,2024-04-30
"CL003","M02186","Sales",8,2024-11-16
"CL008","M02187","Sales",4,2025-02-19
"CL001","M02188","CS",8,2024-01-10
"CL011","M02189","CS",4,2024-12-28
"CL003","M02190","CS",8,2025-01-14
"CL005","M02191","Ops",12,2024-06-20
"CL008","M02192","Engineering",4,2024-08-23
"CL007","M02193","CS",8,2024-09-30
"CL012","M02194","Marketing",12,2024-03-25
"CL003","M02195","Marketing",8,2024-08-25
"CL008","M02196","Marketing",4,2024-08-18
"CL001","M02197","HR",8,2024-01-29
"CL003","M02198","Sales",8,2024-10-20
"CL012","M02199","Engineering",12,2024-07-10
"CL003","M02200","Sales",8,2024-12-02
"CL012","M02201","Ops",12,2024-04-07
"CL004","M02202","HR",12,2024-10-07
"CL012","M02203","Support",12,2024-01-03
"CL005","M02204","Engineering",12,2024-08-31
"CL002","M02205","Marketing",8,2025-01-12
"CL003","M02206","Finance",8,2024-11-24
"CL003","M02207","Ops",8,2024-11-24
"CL003","M02208","Marketing",8,2025-01-03
"CL001","M02209","Engineering",8,2024-01-15
"CL011","M02210","Sales",4,2024-11-18
"CL011","M02211","Support",4,2024-10-05
"CL002","M02212","HR",8,2025-01-24
"CL012","M02213","Finance",12,2024-05-19
"CL005","M02214","Sales",12,2024-07-12
"CL003","M02215","HR",8,2024-10-13
"CL001","M02216","HR",8,2024-03-10
"CL001","M02217","Finance",8,2024-03-30
"CL001","M02218","Engineering",8,2024-01-24
"CL003","M02219","Engineering",8,2024-11-14
"CL003","M02220","Support",8,2024-11-22
"CL007","M02221","Marketing",8,2024-04-16
"CL003","M02222","Ops",8,2024-10-30
"CL006","M02223","Sales",8,2024-05-17
"CL012","M02224","CS",12,2024-05-16
"CL001","M02225","Engineering",8,2024-01-16
"CL008","M02226","Support",4,2024-09-12
"CL012","M02227","Finance",12,2024-06-23
"CL012","M02228","Engineering",12,2024-02-22
"CL001","M02229","CS",8,2024-06-30
"CL003","M02230","CS",8,2024-08-07
"CL001","M02231","Engineering",8,2024-02-05
"CL001","M02232","Ops",8,2024-03-30
"CL008","M02233","HR",4,2024-11-15
"CL007","M02234","Sales",8,2024-06-25
"CL002","M02235","HR",8,2024-12-03
"CL008","M02236","Support",4,2024-11-14
"CL011","M02237","Marketing",4,2024-11-22
"CL011","M02238","Engineering",4,2024-10-22
"CL012","M02239","CS",12,2024-04-06
"CL003","M02240","CS",8,2025-02-18
"CL003","M02241","Engineering",8,2024-08-08
"CL003","M02242","Engineering",8,2025-01-19
"CL003","M02243","CS",8,2025-01-21
"CL003","M02244","HR",8,2024-09-27
"CL006","M02245","Marketing",8,2024-03-02
"CL003","M02246","Support",8,2025-02-20
"CL012","M02247","Finance",12,2024-03-02
"CL003","M02248","Marketing",8,2025-02-07
"CL003","M02249","Sales",8,2024-12-05
"CL006","M02250","Finance",8,2024-07-12
"CL007","M02251","HR",8,2024-08-15
"CL012","M02252","CS",12,2024-04-20
"CL006","M02253","HR",8,2024-07-24
"CL001","M02254","Engineering",8,2024-07-04
"CL003","M02255","Ops",8,2025-01-17
"CL009","M02256","Finance",4,2024-06-09
"CL005","M02257","Engineering",12,2024-11-14
"CL005","M02258","Ops",12,2024-09-22
"CL001","M02259","Ops",8,2024-03-31
"CL003","M02260","Engineering",8,2024-10-17
"CL003","M02261","Ops",8,2024-11-04
"CL009","M02262","Engineering",4,2024-03-20
"CL003","M02263","CS",8,2024-12-22
"CL012","M02264","CS",12,2024-02-13
"CL008","M02265","Ops",4,2024-10-29
"CL003","M02266","Engineering",8,2024-11-14
"CL003","M02267","Sales",8,2024-09-21
"CL010","M02268","Support",4,2024-06-03
"CL002","M02269","Finance",8,2024-11-14
"CL003","M02270","CS",8,2024-08-04
"CL011","M02271","Ops",4,2024-10-07
"CL001","M02272","Finance",8,2024-07-21
"CL003","M02273","Support",8,2025-02-01
"CL006","M02274","Engineering",8,2024-05-01
"CL001","M02275","Marketing",8,2024-03-10
"CL003","M02276","Ops",8,2025-01-06
"CL005","M02277","Marketing",12,2024-10-13
"CL008","M02278","Marketing",4,2025-01-20
"CL003","M02279","Sales",8,2024-08-20
"CL003","M02280","Finance",8,2024-11-24
"CL005","M02281","HR",12,2024-05-31
"CL008","M02282","HR",4,2024-11-09
"CL003","M02283","Engineering",8,2025-02-04
"CL009","M02284","Marketing",4,2024-03-17
"CL005","M02285","CS",12,2024-05-31
"CL012","M02286","Marketing",12,2024-02-02
"CL003","M02287","Sales",8,2024-08-30
"CL012","M02288","Finance",12,2024-05-27
"CL011","M02289","CS",4,2024-10-05
"CL012","M02290","Marketing",12,2024-05-15
"CL008","M02291","Finance",4,2024-10-15
"CL006","M02292","Support",8,2024-05-27
"CL001","M02293","Marketing",8,2024-06-04
"CL006","M02294","Ops",8,2024-03-07
"CL012","M02295","Finance",12,2024-01-16
"CL012","M02296","CS",12,2024-06-30
"CL012","M02297","CS",12,2024-04-23
"CL003","M02298","Finance",8,2024-10-31
"CL003","M02299","HR",8,2024-11-26
"CL009","M02300","Sales",4,2024-05-22
"CL005","M02301","Sales",12,2024-07-13
"CL002","M02302","Support",8,2024-08-20
"CL003","M02303","Sales",8,2025-02-05
"CL001","M02304","Finance",8,2024-01-14
"CL012","M02305","Sales",12,2024-07-08
"CL003","M02306","Finance",8,2024-10-19
"CL008","M02307","Finance",4,2024-10-27
"CL003","M02308","Finance",8,2025-02-04
"CL003","M02309","CS",8,2025-02-08
"CL003","M02310","HR",8,2024-10-07
"CL012","M02311","Ops",12,2024-06-26
"CL005","M02312","HR",12,2024-07-08
"CL011","M02313","Support",4,2025-02-02
"CL003","M02314","Engineering",8,2024-10-11
"CL003","M02315","Engineering",8,2024-09-08
"CL008","M02316","CS",4,2024-10-13
"CL005","M02317","Finance",12,2024-09-01
"CL006","M02318","Support",8,2024-02-11
"CL011","M02319","HR",4,2024-12-22
"CL006","M02320","Marketing",8,2024-05-12
"CL012","M02321","Finance",12,2024-05-24
"CL004","M02322","Finance",12,2024-07-05
"CL003","M02323","Sales",8,2025-01-08
"CL003","M02324","Marketing",8,2024-08-30
"CL012","M02325","Finance",12,2024-06-02
"CL012","M02326","HR",12,2024-02-11
"CL003","M02327","HR",8,2024-09-27
"CL011","M02328","Sales",4,2025-02-12
"CL008","M02329","Sales",4,2025-02-26
"CL002","M02330","Finance",8,2024-12-19
"CL005","M02331","Finance",12,2024-10-10
"CL012","M02332","Ops",12,2024-07-21
"CL001","M02333","HR",8,2024-07-05
"CL001","M02334","HR",8,2024-05-09
"CL006","M02335","CS",8,2024-03-31
"CL003","M02336","Sales",8,2024-10-06
"CL008","M02337","Finance",4,2024-11-10
"CL008","M02338","Support",4,2024-09-19
"CL003","M02339","Engineering",8,2024-11-05
"CL011","M02340","Sales",4,2024-10-18
"CL001","M02341","HR",8,2024-01-15
"CL012","M02342","Marketing",12,2024-03-23
"CL003","M02343","Marketing",8,2024-11-03
"CL011","M02344","Support",4,2025-03-21
"CL004","M02345","Support",12,2024-12-06
"CL003","M02346","HR",8,2024-09-29
"CL003","M02347","Engineering",8,2024-08-14
"CL003","M02348","Marketing",8,2024-12-04
"CL011","M02349","Ops",4,2024-11-21
"CL003","M02350","HR",8,2025-01-05
"CL003","M02351","Finance",8,2024-10-31
"CL007","M02352","HR",8,2024-07-27
"CL006","M02353","Support",8,2024-05-25
"CL009","M02354","Engineering",4,2024-03-23
"CL001","M02355","Marketing",8,2024-06-30
"CL003","M02356","Finance",8,2025-02-06
"CL006","M02357","Finance",8,2024-04-09
"CL005","M02358","HR",12,2024-07-16
"CL008","M02359","Finance",4,2025-02-02
"CL006","M02360","Sales",8,2024-05-03
"CL003","M02361","HR",8,2025-01-22
"CL012","M02362","Finance",12,2024-01-08
"CL003","M02363","Finance",8,2025-01-31
"CL003","M02364","Finance",8,2025-02-05
"CL003","M02365","Finance",8,2024-11-08
"CL003","M02366","CS",8,2024-12-12
"CL006","M02367","HR",8,2024-05-25
"CL011","M02368","Support",4,2024-10-14
"CL003","M02369","Support",8,2025-02-05
"CL003","M02370","CS",8,2024-11-06
"CL006","M02371","Ops",8,2024-06-23
"CL006","M02372","CS",8,2024-04-16
"CL003","M02373","Marketing",8,2024-11-08
"CL003","M02374","Engineering",8,2024-09-14
"CL011","M02375","Support",4,2024-12-11
"CL005","M02376","CS",12,2024-06-23
"CL008","M02377","Finance",4,2024-12-07
"CL007","M02378","Sales",8,2024-03-26
"CL006","M02379","CS",8,2024-05-13
"CL003","M02380","Finance",8,2024-11-04
"CL012","M02381","Marketing",12,2024-03-20
"CL006","M02382","HR",8,2024-05-14
"CL012","M02383","Sales",12,2024-06-20
"CL001","M02384","CS",8,2024-01-10
"CL008","M02385","Finance",4,2024-08-28
"CL003","M02386","Engineering",8,2024-11-20
"CL007","M02387","Sales",8,2024-03-25
"CL012","M02388","Sales",12,2024-03-14
"CL005","M02389","CS",12,2024-08-03
"CL003","M02390","Engineering",8,2024-11-30
"CL003","M02391","Marketing",8,2024-09-13
"CL001","M02392","CS",8,2024-04-28
"CL002","M02393","Support",8,2024-11-08
"CL009","M02394","Marketing",4,2024-03-19
"CL003","M02395","Ops",8,2024-12-12
"CL001","M02396","Marketing",8,2024-03-15
"CL003","M02397","HR",8,2024-11-19
"CL001","M02398","CS",8,2024-05-10
"CL011","M02399","Sales",4,2024-09-29
"CL008","M02400","Finance",4,2024-11-21
"CL005","M02401","Engineering",12,2024-09-29
"CL002","M02402","Finance",8,2024-12-26
"CL003","M02403","Ops",8,2024-09-27
"CL003","M02404","Sales",8,2024-10-31
"CL003","M02405","Support",8,2024-08-28
"CL012","M02406","Sales",12,2024-06-12
"CL012","M02407","Sales",12,2024-06-04
"CL003","M02408","Sales",8,2024-12-25
"CL003","M02409","Support",8,2024-08-17
"CL006","M02410","Finance",8,2024-06-05
"CL003","M02411","Finance",8,2024-11-06
"CL003","M02412","Ops",8,2024-11-01
"CL012","M02413","Sales",12,2024-02-19
"CL003","M02414","HR",8,2024-10-09
"CL001","M02415","Engineering",8,2024-02-03
"CL007","M02416","Engineering",8,2024-07-16
"CL011","M02417","Engineering",4,2024-12-06
"CL003","M02418","Engineering",8,2024-12-14
"CL010","M02419","Marketing",4,2024-04-21
"CL003","M02420","Sales",8,2024-09-20
"CL005","M02421","Engineering",12,2024-06-18
"CL012","M02422","Ops",12,2024-04-05
"CL003","M02423","Finance",8,2024-12-11
"CL012","M02424","Engineering",12,2024-04-14
"CL011","M02425","Sales",4,2025-01-17
"CL012","M02426","Finance",12,2024-02-03
"CL012","M02427","Ops",12,2024-04-18
"CL008","M02428","Engineering",4,2024-08-19
"CL008","M02429","Engineering",4,2025-02-24
"CL006","M02430","Engineering",8,2024-03-02
"CL001","M02431","Support",8,2024-02-25
"CL006","M02432","Engineering",8,2024-06-16
"CL012","M02433","CS",12,2024-03-09
"CL003","M02434","Sales",8,2025-01-14
"CL003","M02435","CS",8,2024-09-12
"CL001","M02436","Support",8,2024-06-19
"CL012","M02437","Finance",12,2024-07-05
"CL012","M02438","Ops",12,2024-01-30
"CL012","M02439","Marketing",12,2024-03-18
"CL003","M02440","Support",8,2024-09-20
"CL012","M02441","CS",12,2024-05-27
"CL012","M02442","Sales",12,2024-03-07
"CL003","M02443","Ops",8,2025-02-02
"CL006","M02444","CS",8,2024-06-22
"CL001","M02445","Engineering",8,2024-03-09
"CL005","M02446","Marketing",12,2024-09-21
"CL003","M02447","Sales",8,2024-09-01
"CL001","M02448","Support",8,2024-05-28
"CL008","M02449","Finance",4,2025-02-22
"CL003","M02450","CS",8,2025-02-10
"CL012","M02451","Support",12,2024-01-10
"CL012","M02452","Support",12,2024-04-23
"CL003","M02453","HR",8,2024-12-24
"CL001","M02454","Ops",8,2024-04-19
"CL012","M02455","Sales",12,2024-06-26
"CL001","M02456","Finance",8,2024-01-24
"CL003","M02457","HR",8,2024-11-02
"CL012","M02458","CS",12,2024-02-10
"CL006","M02459","CS",8,2024-07-08
"CL011","M02460","Marketing",4,2024-12-15
"CL012","M02461","Engineering",12,2024-04-11
"CL010","M02462","HR",4,2024-02-07
"CL009","M02463","Engineering",4,2024-02-03
"CL003","M02464","Engineering",8,2024-11-14
"CL002","M02465","CS",8,2024-07-21
"CL010","M02466","Ops",4,2024-04-09
"CL003","M02467","HR",8,2024-10-07
"CL012","M02468","Ops",12,2024-05-25
"CL003","M02469","Sales",8,2025-01-02
"CL012","M02470","HR",12,2024-05-08
"CL007","M02471","Marketing",8,2024-08-07
"CL003","M02472","Sales",8,2024-12-11
"CL003","M02473","Engineering",8,2024-11-03
"CL006","M02474","CS",8,2024-06-20
"CL011","M02475","Engineering",4,2024-12-29
"CL003","M02476","Engineering",8,2024-10-23
"CL008","M02477","Ops",4,2025-03-02
"CL001","M02478","Engineering",8,2024-04-15
"CL007","M02479","Engineering",8,2024-09-11
"CL003","M02480","Finance",8,2025-02-11
"CL007","M02481","Ops",8,2024-06-24
"CL007","M02482","Ops",8,2024-08-30
"CL003","M02483","Engineering",8,2024-08-11
"CL008","M02484","HR",4,2024-12-24
"CL006","M02485","CS",8,2024-03-13
"CL003","M02486","CS",8,2024-12-17
"CL005","M02487","Ops",12,2024-11-09
"CL012","M02488","CS",12,2024-03-18
"CL012","M02489","Finance",12,2024-04-27
"CL001","M02490","Ops",8,2024-05-26
"CL003","M02491","Marketing",8,2024-12-25
"CL003","M02492","Sales",8,2024-09-07
"CL012","M02493","Engineering",12,2024-05-23
"CL012","M02494","Marketing",12,2024-06-10
"CL005","M02495","Sales",12,2024-10-22
"CL006","M02496","Sales",8,2024-07-21
"CL003","M02497","Sales",8,2024-11-01
"CL002","M02498","Support",8,2024-10-23
"CL001","M02499","Ops",8,2024-05-28
"CL002","M02500","Support",8,2024-10-09
